Season,Competition,Matchday,Date,Venue,Club,Opponent,Result,Playing_Position,Minute,Type,Goal_assist
04-05,LaLiga,34,01-05-05,H,FC Barcelona,Albacete Balompie,2:00,CF,90+1,Left-footed shot,Ronaldinho Gaacho
05-06,UEFA Champions League,Group Stage,02-11-05,H,FC Barcelona,Panathinaikos Athens,5:00,RW,34,Left-footed shot,
05-06,LaLiga,13,27-11-05,H,FC Barcelona,Racing Santander,4:01,RW,51,Left-footed shot,Samuel Etoo
05-06,LaLiga,19,15-01-06,H,FC Barcelona,Athletic Bilbao,2:01,RW,50,Left-footed shot,Mark van Bommel
05-06,LaLiga,20,22-01-06,H,FC Barcelona,Deportivo Alaves,2:00,CF,82,Left-footed shot,Ronaldinho Gaacho
05-06,LaLiga,21,29-01-06,A,FC Barcelona,RCD Mallorca,0:03,CF,75,Right-footed shot,Sylvinho
05-06,LaLiga,21,29-01-06,A,FC Barcelona,RCD Mallorca,0:03,CF,83,Left-footed shot,Ronaldinho Gaacho
05-06,Copa del Rey,Quarter-Finals,01-02-06,H,FC Barcelona,Real Zaragoza,2:01,CF,42,Header,Ludovic Giuly
05-06,LaLiga,24,18-02-06,H,FC Barcelona,Real Betis Balompie,5:01,RW,84,Left-footed shot,
06-07,LaLiga,1,28-08-06,A,FC Barcelona,Celta de Vigo,2:03,LW,59,Left-footed shot,Andres Iniesta
06-07,LaLiga,2,09-09-06,H,FC Barcelona,CA Osasuna,3:00,RW,36,Left-footed shot,Samuel Etoo
06-07,UEFA Champions League,Group Stage,27-09-06,A,FC Barcelona,SV Werder Bremen,1:01,RW,89,Left-footed shot,Deco
06-07,LaLiga,6,15-10-06,H,FC Barcelona,Sevilla FC,3:01,RW,80,Right-footed shot,Xavi
06-07,LaLiga,26,10-03-07,H,FC Barcelona,Real Madrid,3:03,RW,11,Left-footed shot,Samuel Etoo
06-07,LaLiga,26,10-03-07,H,FC Barcelona,Real Madrid,3:03,RW,28,Left-footed shot,
06-07,LaLiga,26,10-03-07,H,FC Barcelona,Real Madrid,3:03,RW,90+1,Left-footed shot,Ronaldinho Gaacho
06-07,LaLiga,27,17-03-07,A,FC Barcelona,Recreativo Huelva,0:04,RW,86,Left-footed shot,
06-07,LaLiga,28,31-03-07,H,FC Barcelona,Deportivo de La Coruaa,2:01,RW,45,Left-footed shot,Ronaldinho Gaacho
06-07,Copa del Rey,Semi-Finals,18-04-07,H,FC Barcelona,Getafe CF,5:02,RW,29,Solo run,Xavi
06-07,Copa del Rey,Semi-Finals,18-04-07,H,FC Barcelona,Getafe CF,5:02,RW,45,Left-footed shot,Deco
06-07,LaLiga,35,20-05-07,A,FC Barcelona,Atletico de Madrid,0:06,RW,39,Left-footed shot,Samuel Etoo
06-07,LaLiga,35,20-05-07,A,FC Barcelona,Atletico de Madrid,0:06,RW,80,Left-footed shot,Giovanni van Bronckhorst
06-07,LaLiga,37,09-06-07,H,FC Barcelona,RCD Espanyol Barcelona,2:02,RW,43,,Gianluca Zambrotta
06-07,LaLiga,37,09-06-07,H,FC Barcelona,RCD Espanyol Barcelona,2:02,RW,57,Right-footed shot,Deco
06-07,LaLiga,38,17-06-07,A,FC Barcelona,Gimnastic de Tarragona,1:05,RW,34,Left-footed shot,Deco
06-07,LaLiga,38,17-06-07,A,FC Barcelona,Gimnastic de Tarragona,1:05,RW,51,Left-footed shot,Deco
07-08,UEFA Champions League,Group Stage,19-09-07,H,FC Barcelona,Olympique Lyon,3:00,RW,82,Left-footed shot,Andres Iniesta
07-08,LaLiga,4,22-09-07,H,FC Barcelona,Sevilla FC,2:01,RW,72,Left-footed shot,Thierry Henry
07-08,LaLiga,4,22-09-07,H,FC Barcelona,Sevilla FC,2:01,RW,79,Penalty,
07-08,LaLiga,5,26-09-07,H,FC Barcelona,Real Zaragoza,4:01,RW,5,Left-footed shot,Thierry Henry
07-08,LaLiga,5,26-09-07,H,FC Barcelona,Real Zaragoza,4:01,RW,10,Left-footed shot,Deco
07-08,LaLiga,6,29-09-07,A,FC Barcelona,Levante UD,1:04,RW,50,Left-footed shot,Deco
07-08,UEFA Champions League,Group Stage,02-10-07,A,FC Barcelona,VfB Stuttgart,0:02,RW,66,Deflected shot on goal,Thierry Henry
07-08,LaLiga,7,07-10-07,H,FC Barcelona,Atletico de Madrid,3:00,RW,19,Left-footed shot,Ronaldinho Gaacho
07-08,LaLiga,9,28-10-07,H,FC Barcelona,UD Almera,2:00,RW,80,Penalty,
07-08,UEFA Champions League,Group Stage,07-11-07,H,FC Barcelona,Rangers FC,2:00,RW,41,Left-footed shot,Ronaldinho Gaacho
07-08,LaLiga,13,24-11-07,H,FC Barcelona,Recreativo Huelva,3:00,RW,81,Penalty,
07-08,UEFA Champions League,Group Stage,27-11-07,A,FC Barcelona,Olympique Lyon,2:02,RW,58,Penalty,
07-08,UEFA Champions League,last 16,20-02-08,A,FC Barcelona,Celtic FC,2:03,RW,18,Left-footed shot,Deco
07-08,UEFA Champions League,last 16,20-02-08,A,FC Barcelona,Celtic FC,2:03,RW,79,Left-footed shot,
07-08,LaLiga,25,24-02-08,H,FC Barcelona,Levante UD,5:01,RW,44,Left-footed shot,Xavi
07-08,LaLiga,35,04-05-08,H,FC Barcelona,Valencia CF,6:00,RW,5,Penalty,
08-09,LaLiga,2,13-09-08,H,FC Barcelona,Racing Santander,1:01,RW,70,Penalty,
08-09,LaLiga,3,21-09-08,A,FC Barcelona,Sporting Gijón,1:06,RW,85,Left-footed shot,Andres Iniesta
08-09,LaLiga,3,21-09-08,A,FC Barcelona,Sporting Gijón,1:06,RW,89,Header,Xavi
08-09,LaLiga,5,27-09-08,A,FC Barcelona,RCD Espanyol Barcelona,1:02,RW,90,Penalty,
08-09,UEFA Champions League,Group Stage,01-10-08,A,FC Barcelona,Shakhtar Donetsk,1:02,RW,87,Right-footed shot,Bojan Krkic
08-09,UEFA Champions League,Group Stage,01-10-08,A,FC Barcelona,Shakhtar Donetsk,1:02,RW,90+2,Left-footed shot,Xavi
08-09,LaLiga,6,04-10-08,H,FC Barcelona,Atletico de Madrid,6:01,RW,8,Direct free kick,
08-09,UEFA Champions League,Group Stage,22-10-08,A,FC Barcelona,FC Basel 1893,0:05,CF,4,Left-footed shot,Dani Alves
08-09,LaLiga,9,01-11-08,A,FC Barcelona,Malaga CF,1:04,RW,19,Left-footed shot,
08-09,UEFA Champions League,Group Stage,04-11-08,H,FC Barcelona,FC Basel 1893,1:01,RW,61,Left-footed shot,Thierry Henry
08-09,Copa del Rey,Fifth Round,12-11-08,H,FC Barcelona,Benidorm CD,1:00,RW,86,Penalty rebound,
08-09,LaLiga,11,16-11-08,A,FC Barcelona,Recreativo Huelva,0:02,RW,51,Left-footed shot,Xavi
08-09,UEFA Champions League,Group Stage,26-11-08,A,FC Barcelona,Sporting CP,2:05,RW,49,Left-footed shot,Dani Alves
08-09,LaLiga,13,29-11-08,A,FC Barcelona,Sevilla FC,0:03,RW,78,Left-footed shot,Xavi
08-09,LaLiga,13,29-11-08,A,FC Barcelona,Sevilla FC,0:03,RW,90+2,Left-footed shot,Aleksandr Hleb
08-09,LaLiga,15,13-12-08,H,FC Barcelona,Real Madrid,2:00,RW,89,Counter attack goal,Thierry Henry
08-09,Copa del Rey,Round of 16,06-01-09,A,FC Barcelona,Atletico de Madrid,1:03,RW,11,Left-footed shot,Dani Alves
08-09,Copa del Rey,Round of 16,06-01-09,A,FC Barcelona,Atletico de Madrid,1:03,RW,57,Penalty,
08-09,Copa del Rey,Round of 16,06-01-09,A,FC Barcelona,Atletico de Madrid,1:03,RW,79,Right-footed shot,Andres Iniesta
08-09,LaLiga,18,11-01-09,A,FC Barcelona,CA Osasuna,2:03,RW,84,Left-footed shot,Dani Alves
08-09,LaLiga,19,17-01-09,H,FC Barcelona,Deportivo de La Coruaa,5:00,RW,21,Left-footed shot,
08-09,LaLiga,20,24-01-09,H,FC Barcelona,CD Numancia,4:01,RW,49,Left-footed shot,Dani Alves
08-09,LaLiga,20,24-01-09,H,FC Barcelona,CD Numancia,4:01,RW,76,Right-footed shot,
08-09,LaLiga,21,01-02-09,A,FC Barcelona,Racing Santander,1:02,RW,65,Right-footed shot,Xavi
08-09,LaLiga,21,01-02-09,A,FC Barcelona,Racing Santander,1:02,RW,81,Right-footed shot,
08-09,LaLiga,25,01-03-09,A,FC Barcelona,Atletico de Madrid,4:03,RW,30,Left-footed shot,
08-09,Copa del Rey,Semi-Finals,04-03-09,A,FC Barcelona,RCD Mallorca,1:01,RW,81,Left-footed shot,Gerard Pique
08-09,LaLiga,26,07-03-09,H,FC Barcelona,Athletic Bilbao,2:00,RW,31,Penalty,
08-09,UEFA Champions League,last 16,11-03-09,H,FC Barcelona,Olympique Lyon,5:02,RW,40,Left-footed shot,Samuel Etoo
08-09,LaLiga,28,22-03-09,H,FC Barcelona,Malaga CF,6:00,RW,26,Right-footed shot,Xavi
08-09,UEFA Champions League,Quarter-Finals,08-04-09,H,FC Barcelona,Bayern Munich,4:00,RW,9,Left-footed shot,Samuel Etoo
08-09,UEFA Champions League,Quarter-Finals,08-04-09,H,FC Barcelona,Bayern Munich,4:00,RW,38,Right-footed shot,Thierry Henry
08-09,LaLiga,31,18-04-09,A,FC Barcelona,Getafe CF,0:01,RW,18,Left-footed shot,Xavi
08-09,LaLiga,33,25-04-09,A,FC Barcelona,Valencia CF,2:02,RW,23,Left-footed shot,Andres Iniesta
08-09,LaLiga,34,02-05-09,A,FC Barcelona,Real Madrid,2:06,CF,35,Left-footed shot,Xavi
08-09,LaLiga,34,02-05-09,A,FC Barcelona,Real Madrid,2:06,CF,75,Left-footed shot,Xavi
08-09,Copa del Rey,Final,13-05-09,H,FC Barcelona,Athletic Bilbao,4:01,RW,55,Left-footed shot,Samuel Etoo
08-09,UEFA Champions League,Final,27-05-09,H,FC Barcelona,Manchester United,2:00,CF,70,Header,Xavi
09-10,Supercopa,final,23-08-09,H,FC Barcelona,Athletic Bilbao,3:00,RW,50,Right-footed shot,Zlatan Ibrahimovic
09-10,Supercopa,final,23-08-09,H,FC Barcelona,Athletic Bilbao,3:00,RW,68,Penalty,
09-10,LaLiga,2,12-09-09,A,FC Barcelona,Getafe CF,0:02,RW,78,Header,Zlatan Ibrahimovic
09-10,LaLiga,3,19-09-09,H,FC Barcelona,Atletico de Madrid,5:02,RW,15,Left-footed shot,Xavi
09-10,LaLiga,3,19-09-09,H,FC Barcelona,Atletico de Madrid,5:02,RW,90+3,Right-footed shot,Dani Alves
09-10,LaLiga,4,22-09-09,A,FC Barcelona,Racing Santander,1:04,RW,23,Left-footed shot,Xavi
09-10,LaLiga,4,22-09-09,A,FC Barcelona,Racing Santander,1:04,RW,63,Left-footed shot,Xavi
09-10,UEFA Champions League,Group Stage,29-09-09,H,FC Barcelona,Dynamo Kyiv,2:00,RW,25,Left-footed shot,Andres Iniesta
09-10,LaLiga,8,25-10-09,H,FC Barcelona,Real Zaragoza,6:01,RW,80,Left-footed shot,Andres Iniesta
09-10,LaLiga,10,07-11-09,H,FC Barcelona,RCD Mallorca,4:02,RW,86,Penalty,
09-10,Copa del Rey,5th round,10-11-09,H,FC Barcelona,Cultural Leonesa,5:00,RW,64,Left-footed shot,Pedro
09-10,LaLiga,13,05-12-09,A,FC Barcelona,Deportivo de La Coruaa,1:03,RW,26,Left-footed shot,Dani Alves
09-10,LaLiga,13,05-12-09,A,FC Barcelona,Deportivo de La Coruaa,1:03,RW,80,Header,Pedro
09-10,UEFA Champions League,Group Stage,09-12-09,A,FC Barcelona,Dynamo Kyiv,1:02,RW,86,Direct free kick,
09-10,FIFA Club World Cup,Semi-Finals,16-12-09,A,FC Barcelona,CF Atlante,1:03,RW,55,Left-footed shot,Zlatan Ibrahimovic
09-10,FIFA Club World Cup,Final,19-12-09,A,FC Barcelona,Club Estudiantes de La Plata,1:2 AET,RW,110,Chest,Dani Alves
09-10,LaLiga,17,10-01-10,A,FC Barcelona,CD Tenerife,0:05,RW,36,Left-footed shot,Bojan Krkic
09-10,LaLiga,17,10-01-10,A,FC Barcelona,CD Tenerife,0:05,RW,45,Right-footed shot,Bojan Krkic
09-10,LaLiga,17,10-01-10,A,FC Barcelona,CD Tenerife,0:05,RW,75,Left-footed shot,Bojan Krkic
09-10,LaLiga,18,16-01-10,H,FC Barcelona,Sevilla FC,4:00,RW,85,Left-footed shot,Dani Alves
09-10,LaLiga,18,16-01-10,H,FC Barcelona,Sevilla FC,4:00,RW,90+1,Left-footed shot,Éric Abidal
09-10,LaLiga,19,23-01-10,A,FC Barcelona,Real Valladolid CF,0:03,RW,54,Left-footed shot,Zlatan Ibrahimovic
09-10,LaLiga,21,06-02-10,H,FC Barcelona,Getafe CF,2:01,RW,7,Left-footed shot,Yaya Toure
09-10,LaLiga,24,27-02-10,H,FC Barcelona,Malaga CF,2:01,RW,84,Right-footed shot,Dani Alves
09-10,LaLiga,25,06-03-10,A,FC Barcelona,UD Almera,2:02,RW,42,Direct free kick,
09-10,LaLiga,25,06-03-10,A,FC Barcelona,UD Almera,2:02,RW,66,Left-footed shot,
09-10,LaLiga,26,14-03-10,H,FC Barcelona,Valencia CF,3:00,CF,56,Left-footed shot,Xavi
09-10,LaLiga,26,14-03-10,H,FC Barcelona,Valencia CF,3:00,CF,80,Left-footed shot,Thierry Henry
09-10,LaLiga,26,14-03-10,H,FC Barcelona,Valencia CF,3:00,CF,82,Right-footed shot,Thierry Henry
09-10,UEFA Champions League,last 16,17-03-10,H,FC Barcelona,VfB Stuttgart,4:00,CF,13,Left-footed shot,Yaya Toure
09-10,UEFA Champions League,last 16,17-03-10,H,FC Barcelona,VfB Stuttgart,4:00,CF,56,Left-footed shot,Dani Alves
09-10,LaLiga,27,21-03-10,A,FC Barcelona,Real Zaragoza,2:04,RW,4,Header,Pedro
09-10,LaLiga,27,21-03-10,A,FC Barcelona,Real Zaragoza,2:04,RW,65,Left-footed shot,
09-10,LaLiga,27,21-03-10,A,FC Barcelona,Real Zaragoza,2:04,RW,78,Left-footed shot,Andres Iniesta
09-10,LaLiga,30,03-04-10,H,FC Barcelona,Athletic Bilbao,4:01,CF,67,Left-footed shot,Pedro
09-10,UEFA Champions League,Quarter-Finals,06-04-10,H,FC Barcelona,Arsenal FC,4:01,CF,21,Left-footed shot,
09-10,UEFA Champions League,Quarter-Finals,06-04-10,H,FC Barcelona,Arsenal FC,4:01,CF,37,Right-footed shot,Pedro
09-10,UEFA Champions League,Quarter-Finals,06-04-10,H,FC Barcelona,Arsenal FC,4:01,CF,42,Left-footed shot,Seydou Keita
09-10,UEFA Champions League,Quarter-Finals,06-04-10,H,FC Barcelona,Arsenal FC,4:01,CF,88,Left-footed shot,Xavi
09-10,LaLiga,31,10-04-10,A,FC Barcelona,Real Madrid,0:02,CF,32,Right-footed shot,Xavi
09-10,LaLiga,35,01-05-10,A,FC Barcelona,Villarreal CF,1:04,RW,18,Left-footed shot,Xavi
09-10,LaLiga,35,01-05-10,A,FC Barcelona,Villarreal CF,1:04,RW,87,Left-footed shot,Dani Alves
09-10,LaLiga,36,04-05-10,H,FC Barcelona,CD Tenerife,4:01,RW,16,Right-footed shot,Zlatan Ibrahimovic
09-10,LaLiga,36,04-05-10,H,FC Barcelona,CD Tenerife,4:01,RW,90+3,Right-footed shot,Dani Alves
09-10,LaLiga,37,08-05-10,A,FC Barcelona,Sevilla FC,2:03,RW,5,Left-footed shot,Maxwell
09-10,LaLiga,38,16-05-10,H,FC Barcelona,Real Valladolid CF,4:00,RW,61,Right-footed shot,Yaya Toure
09-10,LaLiga,38,16-05-10,H,FC Barcelona,Real Valladolid CF,4:00,RW,74,Left-footed shot,Yaya Toure
10-11,Supercopa,final,21-08-10,H,FC Barcelona,Sevilla FC,4:00,RW,25,Left-footed shot,Xavi
10-11,Supercopa,final,21-08-10,H,FC Barcelona,Sevilla FC,4:00,RW,43,Right-footed shot,Dani Alves
10-11,Supercopa,final,21-08-10,H,FC Barcelona,Sevilla FC,4:00,RW,90+1,Left-footed shot,Andres Iniesta
10-11,LaLiga,1,29-08-10,A,FC Barcelona,Racing Santander,0:03,RW,3,Left-footed shot,Andres Iniesta
10-11,UEFA Champions League,Group Stage,14-09-10,H,FC Barcelona,Panathinaikos Athens,5:01,CF,22,Left-footed shot,Xavi
10-11,UEFA Champions League,Group Stage,14-09-10,H,FC Barcelona,Panathinaikos Athens,5:01,CF,45,Left-footed shot,Pedro
10-11,LaLiga,3,19-09-10,A,FC Barcelona,Atletico de Madrid,1:02,CF,12,Left-footed shot,Pedro
10-11,LaLiga,6,03-10-10,H,FC Barcelona,RCD Mallorca,1:01,CF,20,Left-footed shot,Pedro
10-11,UEFA Champions League,Group Stage,20-10-10,H,FC Barcelona,FC Copenhagen,2:00,CF,18,Left-footed shot,Andres Iniesta
10-11,UEFA Champions League,Group Stage,20-10-10,H,FC Barcelona,FC Copenhagen,2:00,CF,90+1,Left-footed shot,Éric Abidal
10-11,LaLiga,8,23-10-10,A,FC Barcelona,Real Zaragoza,0:02,CF,41,Left-footed shot,David Villa
10-11,LaLiga,8,23-10-10,A,FC Barcelona,Real Zaragoza,0:02,CF,65,Left-footed shot,
10-11,LaLiga,9,30-10-10,H,FC Barcelona,Sevilla FC,5:00,RW,4,Left-footed shot,
10-11,LaLiga,9,30-10-10,H,FC Barcelona,Sevilla FC,5:00,RW,63,Left-footed shot,
10-11,UEFA Champions League,Group Stage,02-11-10,A,FC Barcelona,FC Copenhagen,1:01,CF,31,Right-footed shot,
10-11,LaLiga,10,07-11-10,A,FC Barcelona,Getafe CF,1:03,CF,23,Left-footed shot,David Villa
10-11,Copa del Rey,4th round,10-11-10,H,FC Barcelona,Club Atletico de Ceuta,5:01,RW,67,Left-footed shot,Thiago
10-11,LaLiga,11,13-11-10,H,FC Barcelona,Villarreal CF,3:01,CF,58,Right-footed shot,Pedro
10-11,LaLiga,11,13-11-10,H,FC Barcelona,Villarreal CF,3:01,CF,83,Left-footed shot,Pedro
10-11,LaLiga,12,20-11-10,A,FC Barcelona,UD Almera,0:08,CF,16,Left-footed shot,David Villa
10-11,LaLiga,12,20-11-10,A,FC Barcelona,UD Almera,0:08,CF,36,Tap-in,
10-11,LaLiga,12,20-11-10,A,FC Barcelona,UD Almera,0:08,CF,67,Tap-in,David Villa
10-11,UEFA Champions League,Group Stage,24-11-10,A,FC Barcelona,Panathinaikos Athens,0:03,CF,63,Left-footed shot,Adriano
10-11,LaLiga,14,04-12-10,A,FC Barcelona,CA Osasuna,0:03,CF,64,Left-footed shot,David Villa
10-11,LaLiga,14,04-12-10,A,FC Barcelona,CA Osasuna,0:03,CF,82,Penalty,
10-11,LaLiga,15,12-12-10,H,FC Barcelona,Real Sociedad,5:00,CF,46,Left-footed shot,Dani Alves
10-11,LaLiga,15,12-12-10,H,FC Barcelona,Real Sociedad,5:00,CF,86,Left-footed shot,Bojan Krkic
10-11,LaLiga,18,08-01-11,A,FC Barcelona,Deportivo de La Coruaa,0:04,CF,51,Direct free kick,
10-11,Copa del Rey,Quarter-Finals,12-01-11,H,FC Barcelona,Real Betis Balompie,5:00,CF,44,Left-footed shot,Andres Iniesta
10-11,Copa del Rey,Quarter-Finals,12-01-11,H,FC Barcelona,Real Betis Balompie,5:00,CF,63,Left-footed shot,
10-11,Copa del Rey,Quarter-Finals,12-01-11,H,FC Barcelona,Real Betis Balompie,5:00,CF,73,Left-footed shot,Xavi
10-11,Copa del Rey,Quarter-Finals,19-01-11,A,FC Barcelona,Real Betis Balompie,3:01,RW,37,Left-footed shot,Xavi
10-11,LaLiga,20,22-01-11,H,FC Barcelona,Racing Santander,3:00,CF,33,Penalty,
10-11,Copa del Rey,Semi-Finals,26-01-11,H,FC Barcelona,UD Almera,5:00,CF,9,Left-footed shot,Pedro
10-11,Copa del Rey,Semi-Finals,26-01-11,H,FC Barcelona,UD Almera,5:00,CF,15,Left-footed shot,Andres Iniesta
10-11,LaLiga,21,29-01-11,A,FC Barcelona,Hercules CF,0:03,CF,87,Left-footed shot,Dani Alves
10-11,LaLiga,21,29-01-11,A,FC Barcelona,Hercules CF,0:03,CF,89,Left-footed shot,Dani Alves
10-11,LaLiga,22,05-02-11,H,FC Barcelona,Atletico de Madrid,3:00,CF,16,Left-footed shot,Dani Alves
10-11,LaLiga,22,05-02-11,H,FC Barcelona,Atletico de Madrid,3:00,CF,28,Left-footed shot,Pedro
10-11,LaLiga,22,05-02-11,H,FC Barcelona,Atletico de Madrid,3:00,CF,78,Left-footed shot,David Villa
10-11,LaLiga,24,20-02-11,H,FC Barcelona,Athletic Bilbao,2:01,CF,78,Right-footed shot,Dani Alves
10-11,LaLiga,25,26-02-11,A,FC Barcelona,RCD Mallorca,0:03,CF,38,Header,Seydou Keita
10-11,LaLiga,26,02-03-11,A,FC Barcelona,Valencia CF,0:01,CF,77,Left-footed shot,Adriano
10-11,UEFA Champions League,last 16,08-03-11,H,FC Barcelona,Arsenal FC,3:01,RW,49,Left-footed shot,Andres Iniesta
10-11,UEFA Champions League,last 16,08-03-11,H,FC Barcelona,Arsenal FC,3:01,RW,72,Penalty,
10-11,LaLiga,31,09-04-11,H,FC Barcelona,UD Almera,3:01,CF,52,Penalty,
10-11,LaLiga,31,09-04-11,H,FC Barcelona,UD Almera,3:01,CF,90+1,Left-footed shot,Seydou Keita
10-11,UEFA Champions League,Quarter-Finals,12-04-11,A,FC Barcelona,Shakhtar Donetsk,0:01,CF,42,Left-footed shot,Dani Alves
10-11,LaLiga,32,16-04-11,A,FC Barcelona,Real Madrid,1:01,CF,53,Penalty,
10-11,LaLiga,33,23-04-11,H,FC Barcelona,CA Osasuna,2:00,CF,87,Right-footed shot,Dani Alves
10-11,UEFA Champions League,Semi-Finals,27-04-11,A,FC Barcelona,Real Madrid,0:02,CF,76,Left-footed shot,Ibrahim Afellay
10-11,UEFA Champions League,Semi-Finals,27-04-11,A,FC Barcelona,Real Madrid,0:02,CF,87,Solo run,Sergio Busquets
10-11,UEFA Champions League,Final,28-05-11,H,FC Barcelona,Manchester United,3:01,CF,54,Left-footed shot,Andres Iniesta
11-Dec,Supercopa,final,14-08-11,A,FC Barcelona,Real Madrid,2:02,CF,45,Left-footed shot,Thiago
11-Dec,Supercopa,final,17-08-11,H,FC Barcelona,Real Madrid,3:02,CF,44,Right-footed shot,Gerard Pique
11-Dec,Supercopa,final,17-08-11,H,FC Barcelona,Real Madrid,3:02,CF,88,Left-footed shot,Adriano
11-Dec,UEFA Super Cup,Final,26-08-11,H,FC Barcelona,FC Porto,2:00,CF,39,Left-footed shot,
11-Dec,LaLiga,2,29-08-11,H,FC Barcelona,Villarreal CF,5:00,CF,51,Right-footed shot,Andres Iniesta
11-Dec,LaLiga,2,29-08-11,H,FC Barcelona,Villarreal CF,5:00,CF,74,Left-footed shot,Thiago
11-Dec,LaLiga,4,17-09-11,H,FC Barcelona,CA Osasuna,8:00,CF,5,Left-footed shot,Dani Alves
11-Dec,LaLiga,4,17-09-11,H,FC Barcelona,CA Osasuna,8:00,CF,41,Left-footed shot,Cesc Fabregas
11-Dec,LaLiga,4,17-09-11,H,FC Barcelona,CA Osasuna,8:00,CF,79,Left-footed shot,Cesc Fabregas
11-Dec,LaLiga,6,24-09-11,H,FC Barcelona,Atletico de Madrid,5:00,CF,26,Left-footed shot,Pedro
11-Dec,LaLiga,6,24-09-11,H,FC Barcelona,Atletico de Madrid,5:00,CF,78,Left-footed shot,Dani Alves
11-Dec,LaLiga,6,24-09-11,H,FC Barcelona,Atletico de Madrid,5:00,CF,90+1,Left-footed shot,David Villa
11-Dec,UEFA Champions League,Group Stage,28-09-11,A,FC Barcelona,BATE Borisov,0:05,CF,38,Header,
11-Dec,UEFA Champions League,Group Stage,28-09-11,A,FC Barcelona,BATE Borisov,0:05,CF,56,Left-footed shot,Dani Alves
11-Dec,LaLiga,8,15-10-11,H,FC Barcelona,Racing Santander,3:00,CF,11,Right-footed shot,Andres Iniesta
11-Dec,LaLiga,8,15-10-11,H,FC Barcelona,Racing Santander,3:00,CF,69,Right-footed shot,
11-Dec,LaLiga,11,29-10-11,H,FC Barcelona,RCD Mallorca,5:00,CF,13,Penalty,
11-Dec,LaLiga,11,29-10-11,H,FC Barcelona,RCD Mallorca,5:00,CF,21,Right-footed shot,Adriano
11-Dec,LaLiga,11,29-10-11,H,FC Barcelona,RCD Mallorca,5:00,CF,30,Left-footed shot,Dani Alves
11-Dec,UEFA Champions League,Group Stage,01-11-11,A,FC Barcelona,FC Viktoria Plzen,0:04,CF,24,Penalty,
11-Dec,UEFA Champions League,Group Stage,01-11-11,A,FC Barcelona,FC Viktoria Plzen,0:04,CF,45+2,Left-footed shot,Adriano
11-Dec,UEFA Champions League,Group Stage,01-11-11,A,FC Barcelona,FC Viktoria Plzen,0:04,CF,90+2,Left-footed shot,Gerard Pique
11-Dec,LaLiga,12,06-11-11,A,FC Barcelona,Athletic Bilbao,2:02,CF,90,Left-footed shot,
11-Dec,LaLiga,13,19-11-11,H,FC Barcelona,Real Zaragoza,4:00,CF,43,Right-footed shot,Cesc Fabregas
11-Dec,UEFA Champions League,Group Stage,23-11-11,A,FC Barcelona,AC Milan,2:03,SS,31,Penalty,
11-Dec,LaLiga,17,29-11-11,H,FC Barcelona,Rayo Vallecano,4:00,CF,49,Left-footed shot,Dani Alves
11-Dec,LaLiga,15,03-12-11,H,FC Barcelona,Levante UD,5:00,CF,55,Left-footed shot,Dani Alves
11-Dec,FIFA Club World Cup,Final,18-12-11,A,FC Barcelona,Santos FC,0:04,RW,17,Left-footed shot,Xavi
11-Dec,FIFA Club World Cup,Final,18-12-11,A,FC Barcelona,Santos FC,0:04,RW,82,Left-footed shot,Dani Alves
11-Dec,Copa del Rey,last 16,04-01-12,H,FC Barcelona,CA Osasuna,4:00,CF,71,Header,Cesc Fabregas
11-Dec,Copa del Rey,last 16,04-01-12,H,FC Barcelona,CA Osasuna,4:00,CF,90,Left-footed shot,Xavi
11-Dec,LaLiga,19,15-01-12,H,FC Barcelona,Real Betis Balompie,4:02,CF,12,Right-footed shot,Alexis Sanchez
11-Dec,LaLiga,19,15-01-12,H,FC Barcelona,Real Betis Balompie,4:02,CF,86,Penalty,
11-Dec,LaLiga,1,22-01-12,A,FC Barcelona,Malaga CF,1:04,CF,32,Header,Adriano
11-Dec,LaLiga,1,22-01-12,A,FC Barcelona,Malaga CF,1:04,CF,51,Left-footed shot,Thiago
11-Dec,LaLiga,1,22-01-12,A,FC Barcelona,Malaga CF,1:04,CF,77,Left-footed shot,Pedro
11-Dec,LaLiga,22,04-02-12,H,FC Barcelona,Real Sociedad,2:01,CF,72,Left-footed shot,Dani Alves
11-Dec,UEFA Champions League,last 16,14-02-12,A,FC Barcelona,Bayer 04 Leverkusen,1:03,CF,88,Left-footed shot,Dani Alves
11-Dec,LaLiga,24,19-02-12,H,FC Barcelona,Valencia CF,5:01,CF,21,Left-footed shot,
11-Dec,LaLiga,24,19-02-12,H,FC Barcelona,Valencia CF,5:01,CF,27,Tap-in,
11-Dec,LaLiga,24,19-02-12,H,FC Barcelona,Valencia CF,5:01,CF,75,Left-footed shot,Cristian Tello
11-Dec,LaLiga,24,19-02-12,H,FC Barcelona,Valencia CF,5:01,CF,84,Left-footed shot,Sergio Busquets
11-Dec,LaLiga,25,26-02-12,A,FC Barcelona,Atletico de Madrid,1:02,CF,79,Direct free kick,
11-Dec,UEFA Champions League,last 16,07-03-12,H,FC Barcelona,Bayer 04 Leverkusen,7:01,CF,25,Left-footed shot,Xavi
11-Dec,UEFA Champions League,last 16,07-03-12,H,FC Barcelona,Bayer 04 Leverkusen,7:01,CF,42,Left-footed shot,Andres Iniesta
11-Dec,UEFA Champions League,last 16,07-03-12,H,FC Barcelona,Bayer 04 Leverkusen,7:01,CF,50,Right-footed shot,Cesc Fabregas
11-Dec,UEFA Champions League,last 16,07-03-12,H,FC Barcelona,Bayer 04 Leverkusen,7:01,CF,58,Left-footed shot,
11-Dec,UEFA Champions League,last 16,07-03-12,H,FC Barcelona,Bayer 04 Leverkusen,7:01,CF,85,Left-footed shot,Seydou Keita
11-Dec,LaLiga,27,11-03-12,A,FC Barcelona,Racing Santander,0:02,CF,28,Left-footed shot,Cesc Fabregas
11-Dec,LaLiga,27,11-03-12,A,FC Barcelona,Racing Santander,0:02,CF,55,Penalty,
11-Dec,LaLiga,28,17-03-12,A,FC Barcelona,Sevilla FC,0:02,CF,25,Left-footed shot,Andres Iniesta
11-Dec,LaLiga,29,20-03-12,H,FC Barcelona,Granada CF,5:03,CF,16,Left-footed shot,Isaac Cuenca
11-Dec,LaLiga,29,20-03-12,H,FC Barcelona,Granada CF,5:03,CF,66,Left-footed shot,Dani Alves
11-Dec,LaLiga,29,20-03-12,H,FC Barcelona,Granada CF,5:03,CF,85,Left-footed shot,Dani Alves
11-Dec,LaLiga,30,24-03-12,A,FC Barcelona,RCD Mallorca,0:02,CF,25,Direct free kick,
11-Dec,LaLiga,31,31-03-12,H,FC Barcelona,Athletic Bilbao,2:00,CF,57,Penalty,
11-Dec,UEFA Champions League,Quarter-Finals,03-04-12,H,FC Barcelona,AC Milan,3:01,RW,11,Penalty,
11-Dec,UEFA Champions League,Quarter-Finals,03-04-12,H,FC Barcelona,AC Milan,3:01,RW,42,Penalty,
11-Dec,LaLiga,32,07-04-12,A,FC Barcelona,Real Zaragoza,1:04,CF,39,Left-footed shot,Alexis Sanchez
11-Dec,LaLiga,32,07-04-12,A,FC Barcelona,Real Zaragoza,1:04,CF,86,Penalty,
11-Dec,LaLiga,33,10-04-12,H,FC Barcelona,Getafe CF,4:00,CF,44,Left-footed shot,Andres Iniesta
11-Dec,LaLiga,34,14-04-12,A,FC Barcelona,Levante UD,1:02,CF,64,Left-footed shot,Alexis Sanchez
11-Dec,LaLiga,34,14-04-12,A,FC Barcelona,Levante UD,1:02,CF,73,Penalty,
11-Dec,LaLiga,36,29-04-12,A,FC Barcelona,Rayo Vallecano,0:07,CF,16,Left-footed shot,Pedro
11-Dec,LaLiga,36,29-04-12,A,FC Barcelona,Rayo Vallecano,0:07,CF,88,Left-footed shot,Pedro
11-Dec,LaLiga,20,02-05-12,H,FC Barcelona,Malaga CF,4:01,CF,34,Penalty,
11-Dec,LaLiga,20,02-05-12,H,FC Barcelona,Malaga CF,4:01,CF,60,Penalty,
11-Dec,LaLiga,20,02-05-12,H,FC Barcelona,Malaga CF,4:01,CF,63,Left-footed shot,Andres Iniesta
11-Dec,LaLiga,37,05-05-12,H,FC Barcelona,RCD Espanyol Barcelona,4:00,CF,11,Direct free kick,
11-Dec,LaLiga,37,05-05-12,H,FC Barcelona,RCD Espanyol Barcelona,4:00,CF,63,Penalty,
11-Dec,LaLiga,37,05-05-12,H,FC Barcelona,RCD Espanyol Barcelona,4:00,CF,73,Left-footed shot,Adriano
11-Dec,LaLiga,37,05-05-12,H,FC Barcelona,RCD Espanyol Barcelona,4:00,CF,78,Penalty,
11-Dec,Copa del Rey,Final,25-05-12,H,FC Barcelona,Athletic Bilbao,3:00,CF,20,Right-footed shot,Andres Iniesta
Dec-13,LaLiga,1,19-08-12,H,FC Barcelona,Real Sociedad,5:01,CF,10,Left-footed shot,Pedro
Dec-13,LaLiga,1,19-08-12,H,FC Barcelona,Real Sociedad,5:01,CF,15,Left-footed shot,Cristian Tello
Dec-13,Supercopa,final,23-08-12,H,FC Barcelona,Real Madrid,3:02,CF,60,Penalty,
Dec-13,LaLiga,2,26-08-12,A,FC Barcelona,CA Osasuna,1:02,CF,74,Left-footed shot,Alexis Sanchez
Dec-13,LaLiga,2,26-08-12,A,FC Barcelona,CA Osasuna,1:02,CF,79,Left-footed shot,Jordi Alba
Dec-13,Supercopa,final,29-08-12,A,FC Barcelona,Real Madrid,2:01,CF,45,Direct free kick,
Dec-13,LaLiga,4,15-09-12,A,FC Barcelona,Getafe CF,1:04,CF,74,Penalty,
Dec-13,LaLiga,4,15-09-12,A,FC Barcelona,Getafe CF,1:04,CF,78,Left-footed shot,Pedro
Dec-13,UEFA Champions League,Group Stage,19-09-12,H,FC Barcelona,Spartak Moscow,3:02,CF,71,Left-footed shot,Cristian Tello
Dec-13,UEFA Champions League,Group Stage,19-09-12,H,FC Barcelona,Spartak Moscow,3:02,CF,80,Header,Alexis Sanchez
Dec-13,LaLiga,7,07-10-12,H,FC Barcelona,Real Madrid,2:02,CF,31,Left-footed shot,
Dec-13,LaLiga,7,07-10-12,H,FC Barcelona,Real Madrid,2:02,CF,60,Direct free kick,
Dec-13,LaLiga,8,20-10-12,A,FC Barcelona,Deportivo de La Coruaa,4:05,CF,17,Left-footed shot,Cesc Fabregas
Dec-13,LaLiga,8,20-10-12,A,FC Barcelona,Deportivo de La Coruaa,4:05,CF,43,Left-footed shot,Cesc Fabregas
Dec-13,LaLiga,8,20-10-12,A,FC Barcelona,Deportivo de La Coruaa,4:05,CF,76,Left-footed shot,Xavi
Dec-13,LaLiga,9,27-10-12,A,FC Barcelona,Rayo Vallecano,0:05,CF,48,Left-footed shot,Marta Montoya
Dec-13,LaLiga,9,27-10-12,A,FC Barcelona,Rayo Vallecano,0:05,CF,89,Right-footed shot,Cesc Fabregas
Dec-13,UEFA Champions League,Group Stage,07-11-12,A,FC Barcelona,Celtic FC,2:01,CF,90+1,Tap-in,
Dec-13,LaLiga,11,11-11-12,A,FC Barcelona,RCD Mallorca,2:04,CF,43,Left-footed shot,Sergio Busquets
Dec-13,LaLiga,11,11-11-12,A,FC Barcelona,RCD Mallorca,2:04,CF,70,Left-footed shot,Alexis Sanchez
Dec-13,LaLiga,12,17-11-12,H,FC Barcelona,Real Zaragoza,3:01,CF,15,Left-footed shot,Jordi Alba
Dec-13,LaLiga,12,17-11-12,H,FC Barcelona,Real Zaragoza,3:01,CF,60,Left-footed shot,Marta Montoya
Dec-13,UEFA Champions League,Group Stage,20-11-12,A,FC Barcelona,Spartak Moscow,0:03,CF,27,Right-footed shot,
Dec-13,UEFA Champions League,Group Stage,20-11-12,A,FC Barcelona,Spartak Moscow,0:03,CF,39,Left-footed shot,Pedro
Dec-13,LaLiga,13,25-11-12,A,FC Barcelona,Levante UD,0:04,CF,46,Left-footed shot,Andres Iniesta
Dec-13,LaLiga,13,25-11-12,A,FC Barcelona,Levante UD,0:04,CF,51,Left-footed shot,Andres Iniesta
Dec-13,LaLiga,14,01-12-12,H,FC Barcelona,Athletic Bilbao,5:01,CF,24,Left-footed shot,Xavi
Dec-13,LaLiga,14,01-12-12,H,FC Barcelona,Athletic Bilbao,5:01,CF,69,Right-footed shot,Pedro
Dec-13,LaLiga,15,09-12-12,A,FC Barcelona,Real Betis Balompie,1:02,CF,16,Left-footed shot,Andres Iniesta
Dec-13,LaLiga,15,09-12-12,A,FC Barcelona,Real Betis Balompie,1:02,CF,25,Left-footed shot,Andres Iniesta
Dec-13,Copa del Rey,last 16,12-12-12,A,FC Barcelona,Córdoba CF,0:02,CF,10,Left-footed shot,David Villa
Dec-13,Copa del Rey,last 16,12-12-12,A,FC Barcelona,Córdoba CF,0:02,CF,73,Left-footed shot,Alexis Sanchez
Dec-13,LaLiga,16,16-12-12,H,FC Barcelona,Atletico de Madrid,4:01,CF,58,Left-footed shot,Alexis Sanchez
Dec-13,LaLiga,16,16-12-12,H,FC Barcelona,Atletico de Madrid,4:01,CF,88,Left-footed shot,
Dec-13,LaLiga,17,22-12-12,A,FC Barcelona,Real Valladolid CF,1:03,CF,59,Left-footed shot,Xavi
Dec-13,LaLiga,18,06-01-13,H,FC Barcelona,RCD Espanyol Barcelona,4:00,CF,28,Penalty,
Dec-13,LaLiga,19,13-01-13,A,FC Barcelona,Malaga CF,1:03,CF,26,Right-footed shot,
Dec-13,Copa del Rey,Quarter-Finals,16-01-13,H,FC Barcelona,Malaga CF,2:02,CF,29,Left-footed shot,
Dec-13,LaLiga,20,19-01-13,A,FC Barcelona,Real Sociedad,3:02,CF,6,Left-footed shot,Andres Iniesta
Dec-13,Copa del Rey,Quarter-Finals,24-01-13,A,FC Barcelona,Malaga CF,2:04,CF,79,Header,Dani Alves
Dec-13,LaLiga,21,27-01-13,H,FC Barcelona,CA Osasuna,5:01,CF,11,Right-footed shot,Xavi
Dec-13,LaLiga,21,27-01-13,H,FC Barcelona,CA Osasuna,5:01,CF,28,Penalty,
Dec-13,LaLiga,21,27-01-13,H,FC Barcelona,CA Osasuna,5:01,CF,56,Left-footed shot,David Villa
Dec-13,LaLiga,21,27-01-13,H,FC Barcelona,CA Osasuna,5:01,CF,58,Left-footed shot,Adriano
Dec-13,LaLiga,22,03-02-13,A,FC Barcelona,Valencia CF,1:01,CF,39,Penalty,
Dec-13,LaLiga,23,10-02-13,H,FC Barcelona,Getafe CF,6:01,CF,13,Left-footed shot,Thiago
Dec-13,LaLiga,24,16-02-13,A,FC Barcelona,Granada CF,1:02,CF,49,Left-footed shot,
Dec-13,LaLiga,24,16-02-13,A,FC Barcelona,Granada CF,1:02,CF,72,Direct free kick,
Dec-13,LaLiga,25,23-02-13,H,FC Barcelona,Sevilla FC,2:01,CF,60,Left-footed shot,Cristian Tello
Dec-13,LaLiga,26,02-03-13,A,FC Barcelona,Real Madrid,2:01,CF,18,Left-footed shot,Dani Alves
Dec-13,LaLiga,27,09-03-13,H,FC Barcelona,Deportivo de La Coruaa,2:00,CF,88,Left-footed shot,Alexis Sanchez
Dec-13,UEFA Champions League,last 16,12-03-13,H,FC Barcelona,AC Milan,4:00,CF,5,Left-footed shot,Xavi
Dec-13,UEFA Champions League,last 16,12-03-13,H,FC Barcelona,AC Milan,4:00,CF,40,Left-footed shot,Andres Iniesta
Dec-13,LaLiga,28,17-03-13,H,FC Barcelona,Rayo Vallecano,3:01,CF,40,Left-footed shot,David Villa
Dec-13,LaLiga,28,17-03-13,H,FC Barcelona,Rayo Vallecano,3:01,CF,57,Left-footed shot,David Villa
Dec-13,LaLiga,29,30-03-13,A,FC Barcelona,Celta de Vigo,2:02,CF ,73,Left-footed shot,Cristian Tello
Dec-13,UEFA Champions League,Quarter-Finals,02-04-13,A,FC Barcelona,Paris Saint-Germain,2:02,CF,38,Left-footed shot,Dani Alves
Dec-13,LaLiga,33,27-04-13,A,FC Barcelona,Athletic Bilbao,2:02,CF,67,Left-footed shot,Thiago
Dec-13,LaLiga,34,05-05-13,H,FC Barcelona,Real Betis Balompie,4:02,CF,60,Direct free kick,
Dec-13,LaLiga,34,05-05-13,H,FC Barcelona,Real Betis Balompie,4:02,CF,71,Left-footed shot,Alexis Sanchez
13-14,LaLiga,1,18-08-13,H,FC Barcelona,Levante UD,7:00,CF,13,Left-footed shot,Pedro
13-14,LaLiga,1,18-08-13,H,FC Barcelona,Levante UD,7:00,CF,42,Penalty,
13-14,LaLiga,3,01-09-13,A,FC Barcelona,Valencia CF,2:03,CF,11,Left-footed shot,Cesc Fabregas
13-14,LaLiga,3,01-09-13,A,FC Barcelona,Valencia CF,2:03,CF,39,Right-footed shot,Cesc Fabregas
13-14,LaLiga,3,01-09-13,A,FC Barcelona,Valencia CF,2:03,CF,41,Left-footed shot,Neymar
13-14,LaLiga,4,14-09-13,H,FC Barcelona,Sevilla FC,3:02,CF,75,Left-footed shot,Neymar
13-14,UEFA Champions League,Group Stage,18-09-13,H,FC Barcelona,Ajax Amsterdam,4:00,CF,22,Direct free kick,
13-14,UEFA Champions League,Group Stage,18-09-13,H,FC Barcelona,Ajax Amsterdam,4:00,CF,55,Left-footed shot,Sergio Busquets
13-14,UEFA Champions League,Group Stage,18-09-13,H,FC Barcelona,Ajax Amsterdam,4:00,CF,75,Left-footed shot,Xavi
13-14,LaLiga,6,24-09-13,H,FC Barcelona,Real Sociedad,4:01,CF,8,Header,Neymar
13-14,LaLiga,7,28-09-13,A,FC Barcelona,UD Almera,0:02,CF,21,Left-footed shot,Pedro
13-14,UEFA Champions League,Group Stage,22-10-13,A,FC Barcelona,AC Milan,1:01,CF,23,Left-footed shot,Andres Iniesta
13-14,UEFA Champions League,Group Stage,06-11-13,H,FC Barcelona,AC Milan,3:01,CF,30,Penalty,
13-14,UEFA Champions League,Group Stage,06-11-13,H,FC Barcelona,AC Milan,3:01,CF,83,Left-footed shot,Cesc Fabregas
13-14,Copa del Rey,last 16,08-01-14,H,FC Barcelona,Getafe CF,4:00,CF,90,Left-footed shot,Marta Montoya
13-14,Copa del Rey,last 16,08-01-14,H,FC Barcelona,Getafe CF,4:00,CF,90+2,Left-footed shot,Alex Song
13-14,Copa del Rey,last 16,16-01-14,A,FC Barcelona,Getafe CF,0:02,CF,43,Right-footed shot,Cristian Tello
13-14,Copa del Rey,last 16,16-01-14,A,FC Barcelona,Getafe CF,0:02,CF,63,Left-footed shot,
13-14,LaLiga,22,01-02-14,H,FC Barcelona,Valencia CF,2:03,CF,54,Penalty,
13-14,LaLiga,23,09-02-14,A,FC Barcelona,Sevilla FC,1:04,CF,44,Left-footed shot,Pedro
13-14,LaLiga,23,09-02-14,A,FC Barcelona,Sevilla FC,1:04,CF,56,Left-footed shot,Andres Iniesta
13-14,Copa del Rey,Semi-Finals,12-02-14,A,FC Barcelona,Real Sociedad,1:01,CF,26,Solo run,
13-14,LaLiga,24,15-02-14,H,FC Barcelona,Rayo Vallecano,6:00,CF,36,Left-footed shot,Cesc Fabregas
13-14,LaLiga,24,15-02-14,H,FC Barcelona,Rayo Vallecano,6:00,CF,68,Left-footed shot,Alexis Sanchez
13-14,UEFA Champions League,last 16,18-02-14,A,FC Barcelona,Manchester City,0:02,CF,54,Penalty,
13-14,LaLiga,25,22-02-14,A,FC Barcelona,Real Sociedad,3:01,CF,36,Left-footed shot,Marta Montoya
13-14,LaLiga,26,02-03-14,H,FC Barcelona,UD Almera,4:01,CF,24,Direct free kick,
13-14,UEFA Champions League,last 16,12-03-14,H,FC Barcelona,Manchester City,2:01,CF,67,Left-footed shot,
13-14,LaLiga,28,16-03-14,H,FC Barcelona,CA Osasuna,7:00,CF,18,Left-footed shot,Alexis Sanchez
13-14,LaLiga,28,16-03-14,H,FC Barcelona,CA Osasuna,7:00,CF,63,Left-footed shot,Andres Iniesta
13-14,LaLiga,28,16-03-14,H,FC Barcelona,CA Osasuna,7:00,CF,88,Right-footed shot,Dani Alves
13-14,LaLiga,29,23-03-14,A,FC Barcelona,Real Madrid,3:04,CF,42,Left-footed shot,Neymar
13-14,LaLiga,29,23-03-14,A,FC Barcelona,Real Madrid,3:04,CF,65,Penalty,
13-14,LaLiga,29,23-03-14,A,FC Barcelona,Real Madrid,3:04,CF,84,Penalty,
13-14,LaLiga,30,26-03-14,H,FC Barcelona,Celta de Vigo,3:00,CF,30,Right-footed shot,Andres Iniesta
13-14,LaLiga,31,29-03-14,A,FC Barcelona,RCD Espanyol Barcelona,0:01,CF,77,Penalty,
13-14,LaLiga,32,05-04-14,H,FC Barcelona,Real Betis Balompie,3:01,CF,15,Penalty,
13-14,LaLiga,32,05-04-14,H,FC Barcelona,Real Betis Balompie,3:01,CF,86,Penalty rebound,Antonio A05a
13-14,LaLiga,34,20-04-14,H,FC Barcelona,Athletic Bilbao,2:01,CF,74,Direct free kick,
13-14,LaLiga,35,27-04-14,A,FC Barcelona,Villarreal CF,2:03,CF,83,Right-footed shot,Cesc Fabregas
13-14,LaLiga,36,03-05-14,H,FC Barcelona,Getafe CF,2:02,CF,23,Left-footed shot,Dani Alves
14-15,LaLiga,1,24-08-14,H,FC Barcelona,Elche CF,3:00,CF,42,Left-footed shot,Sergio Busquets
14-15,LaLiga,1,24-08-14,H,FC Barcelona,Elche CF,3:00,CF,64,Left-footed shot,
14-15,LaLiga,4,21-09-14,A,FC Barcelona,Levante UD,0:05,CF,77,Right-footed shot,
14-15,LaLiga,6,27-09-14,H,FC Barcelona,Granada CF,6:00,CF,62,Header,Dani Alves
14-15,LaLiga,6,27-09-14,H,FC Barcelona,Granada CF,6:00,CF,82,Right-footed shot,
14-15,UEFA Champions League,Group Stage,30-09-14,A,FC Barcelona,Paris Saint-Germain,3:02,RW,12,Left-footed shot,Andres Iniesta
14-15,LaLiga,7,04-10-14,A,FC Barcelona,Rayo Vallecano,0:02,CF,35,Left-footed shot,Gerard Pique
14-15,LaLiga,8,18-10-14,H,FC Barcelona,SD Eibar,3:00,CF,74,Left-footed shot,Neymar
14-15,UEFA Champions League,Group Stage,21-10-14,H,FC Barcelona,Ajax Amsterdam,3:01,CF,24,Left-footed shot,Andres Iniesta
14-15,UEFA Champions League,Group Stage,05-11-14,A,FC Barcelona,Ajax Amsterdam,0:02,RW,36,Header,Marc Bartra
14-15,UEFA Champions League,Group Stage,05-11-14,A,FC Barcelona,Ajax Amsterdam,0:02,RW,76,Left-footed shot,Pedro
14-15,LaLiga,12,22-11-14,H,FC Barcelona,Sevilla FC,5:01,RW,21,Direct free kick,
14-15,LaLiga,12,22-11-14,H,FC Barcelona,Sevilla FC,5:01,RW,73,Tap-in,Neymar
14-15,LaLiga,12,22-11-14,H,FC Barcelona,Sevilla FC,5:01,RW,78,Left-footed shot,Neymar
14-15,UEFA Champions League,Group Stage,25-11-14,A,FC Barcelona,APOEL Nicosia,0:04,CF ,38,Right-footed shot,Rafinha
14-15,UEFA Champions League,Group Stage,25-11-14,A,FC Barcelona,APOEL Nicosia,0:04,CF ,58,Right-footed shot,Dani Alves
14-15,UEFA Champions League,Group Stage,25-11-14,A,FC Barcelona,APOEL Nicosia,0:04,CF ,87,Right-footed shot,Pedro
14-15,LaLiga,14,07-12-14,H,FC Barcelona,RCD Espanyol Barcelona,5:01,RW,45+1,Left-footed shot,Xavi
14-15,LaLiga,14,07-12-14,H,FC Barcelona,RCD Espanyol Barcelona,5:01,RW,50,Right-footed shot,Luis Suarez
14-15,LaLiga,14,07-12-14,H,FC Barcelona,RCD Espanyol Barcelona,5:01,RW,81,Right-footed shot,Pedro
14-15,UEFA Champions League,Group Stage,10-12-14,H,FC Barcelona,Paris Saint-Germain,3:01,AM,19,Right-footed shot,Luis Suarez
14-15,LaLiga,16,20-12-14,H,FC Barcelona,Córdoba CF,5:00,RW,82,Right-footed shot,
14-15,LaLiga,16,20-12-14,H,FC Barcelona,Córdoba CF,5:00,RW,90,Right-footed shot,
14-15,Copa del Rey,last 16,08-01-15,H,FC Barcelona,Elche CF,5:00,RW ,45,Penalty,
14-15,LaLiga,18,11-01-15,H,FC Barcelona,Atletico de Madrid,3:01,RW,87,Left-footed shot,
14-15,LaLiga,19,18-01-15,A,FC Barcelona,Deportivo de La Coruaa,0:04,RW,11,Header,Ivan Rakitic
14-15,LaLiga,19,18-01-15,A,FC Barcelona,Deportivo de La Coruaa,0:04,RW,33,Left-footed shot,Luis Suarez
14-15,LaLiga,19,18-01-15,A,FC Barcelona,Deportivo de La Coruaa,0:04,RW,62,Left-footed shot,Ivan Rakitic
14-15,Copa del Rey,Quarter-Finals,21-01-15,H,FC Barcelona,Atletico de Madrid,1:00,RW ,85,Penalty rebound,
14-15,LaLiga,20,24-01-15,A,FC Barcelona,Elche CF,0:06,CF,55,Penalty,
14-15,LaLiga,20,24-01-15,A,FC Barcelona,Elche CF,0:06,CF,88,Left-footed shot,Marc Bartra
14-15,LaLiga,21,01-02-15,H,FC Barcelona,Villarreal CF,3:02,RW,55,Right-footed shot,Luis Suarez
14-15,LaLiga,22,08-02-15,A,FC Barcelona,Athletic Bilbao,2:05,RW,15,Direct free kick,
14-15,Copa del Rey,Semi-Finals,11-02-15,H,FC Barcelona,Villarreal CF,3:01,RW,41,Left-footed shot,Luis Suarez
14-15,LaLiga,23,15-02-15,H,FC Barcelona,Levante UD,5:00,CF,38,Right-footed shot,Marc Bartra
14-15,LaLiga,23,15-02-15,H,FC Barcelona,Levante UD,5:00,CF,59,Right-footed shot,Pedro
14-15,LaLiga,23,15-02-15,H,FC Barcelona,Levante UD,5:00,CF,65,Penalty,
14-15,LaLiga,25,28-02-15,A,FC Barcelona,Granada CF,1:03,RW,70,Right-footed shot,Luis Suarez
14-15,LaLiga,26,08-03-15,H,FC Barcelona,Rayo Vallecano,6:01,RW,56,Penalty,
14-15,LaLiga,26,08-03-15,H,FC Barcelona,Rayo Vallecano,6:01,RW,63,Tap-in,
14-15,LaLiga,26,08-03-15,H,FC Barcelona,Rayo Vallecano,6:01,RW,68,Left-footed shot,Pedro
14-15,LaLiga,27,14-03-15,A,FC Barcelona,SD Eibar,0:02,RW ,31,Penalty,
14-15,LaLiga,27,14-03-15,A,FC Barcelona,SD Eibar,0:02,RW ,55,Header,Ivan Rakitic
14-15,LaLiga,30,08-04-15,H,FC Barcelona,UD Almera,4:00,RW,33,Left-footed shot,Marc Bartra
14-15,LaLiga,31,11-04-15,A,FC Barcelona,Sevilla FC,2:02,RW,15,Left-footed shot,Neymar
14-15,LaLiga,32,18-04-15,H,FC Barcelona,Valencia CF,2:00,RW,90+4,Left-footed shot,
14-15,LaLiga,33,25-04-15,A,FC Barcelona,RCD Espanyol Barcelona,0:02,RW,25,Left-footed shot,Luis Suarez
14-15,LaLiga,34,28-04-15,H,FC Barcelona,Getafe CF,6:00,RW,9,Penalty,
14-15,LaLiga,34,28-04-15,H,FC Barcelona,Getafe CF,6:00,RW,47,Left-footed shot,Luis Suarez
14-15,LaLiga,35,02-05-15,A,FC Barcelona,Córdoba CF,0:08,RW,47,Header,Dani Alves
14-15,LaLiga,35,02-05-15,A,FC Barcelona,Córdoba CF,0:08,RW,80,Left-footed shot,Luis Suarez
14-15,UEFA Champions League,Semi-Finals,06-05-15,H,FC Barcelona,Bayern Munich,3:00,RW,77,Left-footed shot,Dani Alves
14-15,UEFA Champions League,Semi-Finals,06-05-15,H,FC Barcelona,Bayern Munich,3:00,RW,80,Right-footed shot,Ivan Rakitic
14-15,LaLiga,37,17-05-15,A,FC Barcelona,Atletico de Madrid,0:01,RW,65,Left-footed shot,Pedro
14-15,LaLiga,38,23-05-15,H,FC Barcelona,Deportivo de La Coruaa,2:02,RW,5,Header,Rafinha
14-15,LaLiga,38,23-05-15,H,FC Barcelona,Deportivo de La Coruaa,2:02,RW,59,Right-footed shot,Neymar
14-15,Copa del Rey,Final,30-05-15,A,FC Barcelona,Athletic Bilbao,1:03,RW,20,Solo run,
14-15,Copa del Rey,Final,30-05-15,A,FC Barcelona,Athletic Bilbao,1:03,RW,74,Left-footed shot,Dani Alves
15-16,UEFA Super Cup,Final,11-08-15,H,FC Barcelona,Sevilla FC,5:4 AET,RW,7,Direct free kick,
15-16,UEFA Super Cup,Final,11-08-15,H,FC Barcelona,Sevilla FC,5:4 AET,RW,16,Direct free kick,
15-16,Supercopa,final,17-08-15,H,FC Barcelona,Athletic Bilbao,1:01,RW,43,Left-footed shot,Luis Suarez
15-16,LaLiga,3,12-09-15,A,FC Barcelona,Atletico de Madrid,1:02,RW,77,Left-footed shot,Luis Suarez
15-16,LaLiga,4,20-09-15,H,FC Barcelona,Levante UD,4:01,AM ,61,Penalty,
15-16,LaLiga,4,20-09-15,H,FC Barcelona,Levante UD,4:01,AM ,90,Left-footed shot,Marc Bartra
15-16,UEFA Champions League,Group Stage,24-11-15,H,FC Barcelona,AS Roma,6:01,RW ,18,Left-footed shot,Luis Suarez
15-16,UEFA Champions League,Group Stage,24-11-15,H,FC Barcelona,AS Roma,6:01,RW ,60,Tap-in,
15-16,LaLiga,13,28-11-15,H,FC Barcelona,Real Sociedad,4:00,RW,90+1,Left-footed shot,Neymar
15-16,UEFA Champions League,Group Stage,09-12-15,A,FC Barcelona,Bayer 04 Leverkusen,1:01,CF ,20,Right-footed shot,Ivan Rakitic
15-16,LaLiga,15,12-12-15,H,FC Barcelona,Deportivo de La Coruaa,2:02,RW,39,Direct free kick,
15-16,FIFA Club World Cup,Final,20-12-15,A,FC Barcelona,CA River Plate,0:03,RW,36,Left-footed shot,Neymar
15-16,LaLiga,17,30-12-15,H,FC Barcelona,Real Betis Balompie,4:00,RW ,33,Right-footed shot,Neymar
15-16,Copa del Rey,last 16,06-01-16,H,FC Barcelona,RCD Espanyol Barcelona,4:01,RW,13,Left-footed shot,Andres Iniesta
15-16,Copa del Rey,last 16,06-01-16,H,FC Barcelona,RCD Espanyol Barcelona,4:01,RW,44,Direct free kick,
15-16,LaLiga,19,09-01-16,H,FC Barcelona,Granada CF,4:00,RW ,8,Left-footed shot,Arda Turan
15-16,LaLiga,19,09-01-16,H,FC Barcelona,Granada CF,4:00,RW ,14,Left-footed shot,Luis Suarez
15-16,LaLiga,19,09-01-16,H,FC Barcelona,Granada CF,4:00,RW ,58,Tap-in,
15-16,LaLiga,20,17-01-16,H,FC Barcelona,Athletic Bilbao,6:00,RW,7,Penalty,
15-16,LaLiga,21,23-01-16,A,FC Barcelona,Malaga CF,1:02,RW,51,Left-footed shot,Adriano
15-16,LaLiga,22,30-01-16,H,FC Barcelona,Atletico de Madrid,2:01,RW,30,Left-footed shot,Jordi Alba
15-16,Copa del Rey,Semi-Finals,03-02-16,H,FC Barcelona,Valencia CF,7:00,RW,29,Left-footed shot,Neymar
15-16,Copa del Rey,Semi-Finals,03-02-16,H,FC Barcelona,Valencia CF,7:00,RW,59,Left-footed shot,Luis Suarez
15-16,Copa del Rey,Semi-Finals,03-02-16,H,FC Barcelona,Valencia CF,7:00,RW,74,Left-footed shot,
15-16,LaLiga,24,14-02-16,H,FC Barcelona,Celta de Vigo,6:01,RW,28,Direct free kick,
15-16,LaLiga,16,17-02-16,A,FC Barcelona,Sporting Gijón,1:03,RW ,25,Left-footed shot,Luis Suarez
15-16,LaLiga,16,17-02-16,A,FC Barcelona,Sporting Gijón,1:03,RW ,31,Left-footed shot,Luis Suarez
15-16,UEFA Champions League,last 16,23-02-16,A,FC Barcelona,Arsenal FC,0:02,RW,71,Left-footed shot,Neymar
15-16,UEFA Champions League,last 16,23-02-16,A,FC Barcelona,Arsenal FC,0:02,RW,83,Penalty,
15-16,LaLiga,26,28-02-16,H,FC Barcelona,Sevilla FC,2:01,RW ,31,Direct free kick,
15-16,LaLiga,27,03-03-16,A,FC Barcelona,Rayo Vallecano,1:05,RW,23,Left-footed shot,Neymar
15-16,LaLiga,27,03-03-16,A,FC Barcelona,Rayo Vallecano,1:05,RW,53,Left-footed shot,
15-16,LaLiga,27,03-03-16,A,FC Barcelona,Rayo Vallecano,1:05,RW,72,Left-footed shot,Sergio Busquets
15-16,LaLiga,28,06-03-16,A,FC Barcelona,SD Eibar,0:04,RW ,42,Left-footed shot,Munir El Haddadi
15-16,LaLiga,28,06-03-16,A,FC Barcelona,SD Eibar,0:04,RW ,76,Penalty,
15-16,LaLiga,29,12-03-16,H,FC Barcelona,Getafe CF,6:00,CF,41,Left-footed shot,Arda Turan
15-16,UEFA Champions League,last 16,16-03-16,H,FC Barcelona,Arsenal FC,3:01,RW,86,Left-footed shot,Neymar
15-16,LaLiga,33,17-04-16,H,FC Barcelona,Valencia CF,1:02,RW,63,Left-footed shot,Jordi Alba
15-16,LaLiga,34,20-04-16,A,FC Barcelona,Deportivo de La Coruaa,0:08,RW,73,Left-footed shot,Luis Suarez
15-16,LaLiga,35,23-04-16,H,FC Barcelona,Sporting Gijón,6:00,RW,13,Header,
15-16,LaLiga,37,08-05-16,H,FC Barcelona,RCD Espanyol Barcelona,5:00,RW,8,Direct free kick,
16-17,Supercopa,final,17-08-16,H,FC Barcelona,Sevilla FC,3:00,RW ,55,Header,Lucas Digne
16-17,LaLiga,1,20-08-16,H,FC Barcelona,Real Betis Balompie,6:02,RW ,37,Left-footed shot,Sergi Roberto
16-17,LaLiga,1,20-08-16,H,FC Barcelona,Real Betis Balompie,6:02,RW ,58,Left-footed shot,Arda Turan
16-17,UEFA Champions League,Group Stage,13-09-16,H,FC Barcelona,Celtic FC,7:00,RW ,3,Left-footed shot,Neymar
16-17,UEFA Champions League,Group Stage,13-09-16,H,FC Barcelona,Celtic FC,7:00,RW ,27,Left-footed shot,Neymar
16-17,UEFA Champions League,Group Stage,13-09-16,H,FC Barcelona,Celtic FC,7:00,RW ,60,Left-footed shot,Luis Suarez
16-17,LaLiga,4,17-09-16,A,FC Barcelona,CD Leganes,1:05,RW,15,Left-footed shot,Luis Suarez
16-17,LaLiga,4,17-09-16,A,FC Barcelona,CD Leganes,1:05,RW,55,Penalty,
16-17,LaLiga,8,15-10-16,H,FC Barcelona,Deportivo de La Coruaa,4:00,RW,58,Left-footed shot,Neymar
16-17,UEFA Champions League,Group Stage,19-10-16,H,FC Barcelona,Manchester City,4:00,RW,17,Left-footed shot,Andres Iniesta
16-17,UEFA Champions League,Group Stage,19-10-16,H,FC Barcelona,Manchester City,4:00,RW,61,Left-footed shot,Andres Iniesta
16-17,UEFA Champions League,Group Stage,19-10-16,H,FC Barcelona,Manchester City,4:00,RW,69,Left-footed shot,Luis Suarez
16-17,LaLiga,9,22-10-16,A,FC Barcelona,Valencia CF,2:03,RW,22,Left-footed shot,Ivan Rakitic
16-17,LaLiga,9,22-10-16,A,FC Barcelona,Valencia CF,2:03,RW,90+4,Penalty,
16-17,UEFA Champions League,Group Stage,01-11-16,A,FC Barcelona,Manchester City,3:01,RW ,21,Left-footed shot,Neymar
16-17,LaLiga,11,06-11-16,A,FC Barcelona,Sevilla FC,1:02,RW ,43,Left-footed shot,Neymar
16-17,UEFA Champions League,Group Stage,23-11-16,A,FC Barcelona,Celtic FC,0:02,RW ,24,Left-footed shot,Neymar
16-17,UEFA Champions League,Group Stage,23-11-16,A,FC Barcelona,Celtic FC,0:02,RW ,55,Penalty,
16-17,LaLiga,13,27-11-16,A,FC Barcelona,Real Sociedad,1:01,RW ,59,Left-footed shot,Neymar
16-17,UEFA Champions League,Group Stage,06-12-16,H,FC Barcelona,Borussia Mönchengladbach,4:00,RW,16,Left-footed shot,Arda Turan
16-17,LaLiga,15,10-12-16,A,FC Barcelona,CA Osasuna,0:03,RW,72,Left-footed shot,Jordi Alba
16-17,LaLiga,15,10-12-16,A,FC Barcelona,CA Osasuna,0:03,RW,90+2,Left-footed shot,Sergio Busquets
16-17,LaLiga,16,18-12-16,H,FC Barcelona,RCD Espanyol Barcelona,4:01,RW,90,Left-footed shot,Luis Suarez
16-17,Copa del Rey,last 16,05-01-17,A,FC Barcelona,Athletic Bilbao,2:01,RW,52,Direct free kick,
16-17,LaLiga,17,08-01-17,A,FC Barcelona,Villarreal CF,1:01,RW,90,Direct free kick,
16-17,Copa del Rey,last 16,11-01-17,H,FC Barcelona,Athletic Bilbao,3:01,RW,78,Direct free kick,
16-17,LaLiga,18,14-01-17,H,FC Barcelona,UD Las Palmas,5:00,RW ,52,Right-footed shot,
16-17,LaLiga,19,22-01-17,A,FC Barcelona,SD Eibar,0:04,RW ,50,Left-footed shot,Luis Suarez
16-17,Copa del Rey,Quarter-Finals,26-01-17,H,FC Barcelona,Real Sociedad,5:02,RW ,55,Penalty,
16-17,Copa del Rey,Semi-Finals,01-02-17,A,FC Barcelona,Atletico de Madrid,1:02,RW ,33,Left-footed shot,Ivan Rakitic
16-17,LaLiga,21,04-02-17,H,FC Barcelona,Athletic Bilbao,3:00,RW ,40,Direct free kick,
16-17,LaLiga,22,11-02-17,A,FC Barcelona,Deportivo Alaves,0:06,RW ,59,Left-footed shot,Neymar
16-17,LaLiga,23,19-02-17,H,FC Barcelona,CD Leganes,2:01,RW,4,Right-footed shot,Luis Suarez
16-17,LaLiga,23,19-02-17,H,FC Barcelona,CD Leganes,2:01,RW,90,Penalty,
16-17,LaLiga,24,26-02-17,A,FC Barcelona,Atletico de Madrid,1:02,RW,86,Left-footed shot,
16-17,LaLiga,25,01-03-17,H,FC Barcelona,Sporting Gijón,6:01,RW ,9,Header,Javier Mascherano
16-17,LaLiga,26,04-03-17,H,FC Barcelona,Celta de Vigo,5:00,AM ,24,Left-footed shot,Sergio Busquets
16-17,LaLiga,26,04-03-17,H,FC Barcelona,Celta de Vigo,5:00,AM ,64,Left-footed shot,
16-17,UEFA Champions League,last 16,08-03-17,H,FC Barcelona,Paris Saint-Germain,6:01,AM,50,Penalty,
16-17,LaLiga,28,19-03-17,H,FC Barcelona,Valencia CF,4:02,AM,45,Penalty,
16-17,LaLiga,28,19-03-17,H,FC Barcelona,Valencia CF,4:02,AM,53,Right-footed shot,Javier Mascherano
16-17,LaLiga,30,05-04-17,H,FC Barcelona,Sevilla FC,3:00,RW,28,Right-footed shot,Luis Suarez
16-17,LaLiga,30,05-04-17,H,FC Barcelona,Sevilla FC,3:00,RW,33,Left-footed shot,
16-17,LaLiga,32,15-04-17,H,FC Barcelona,Real Sociedad,3:02,RW ,17,Left-footed shot,Luis Suarez
16-17,LaLiga,32,15-04-17,H,FC Barcelona,Real Sociedad,3:02,RW ,37,Tap-in,
16-17,LaLiga,33,23-04-17,A,FC Barcelona,Real Madrid,2:03,RW,33,Left-footed shot,Ivan Rakitic
16-17,LaLiga,33,23-04-17,A,FC Barcelona,Real Madrid,2:03,RW,90+2,Left-footed shot,Jordi Alba
16-17,LaLiga,34,26-04-17,H,FC Barcelona,CA Osasuna,7:01,AM ,12,Left-footed shot,
16-17,LaLiga,34,26-04-17,H,FC Barcelona,CA Osasuna,7:01,AM ,61,Left-footed shot,Ivan Rakitic
16-17,LaLiga,36,06-05-17,H,FC Barcelona,Villarreal CF,4:01,RW,45,Left-footed shot,Sergio Busquets
16-17,LaLiga,36,06-05-17,H,FC Barcelona,Villarreal CF,4:01,RW,82,Penalty,
16-17,LaLiga,38,21-05-17,H,FC Barcelona,SD Eibar,4:02,RW,75,Penalty,
16-17,LaLiga,38,21-05-17,H,FC Barcelona,SD Eibar,4:02,RW,90+2,Right-footed shot,
16-17,Copa del Rey,Final,27-05-17,H,FC Barcelona,Deportivo Alaves,3:01,RW,30,Left-footed shot,Neymar
17-18,Supercopa,final,13-08-17,H,FC Barcelona,Real Madrid,1:03,RW,77,Penalty,
17-18,LaLiga,2,26-08-17,A,FC Barcelona,Deportivo Alaves,0:02,CF,55,Left-footed shot,Jordi Alba
17-18,LaLiga,2,26-08-17,A,FC Barcelona,Deportivo Alaves,0:02,CF,66,Left-footed shot,Paco Alcacer
17-18,LaLiga,3,09-09-17,H,FC Barcelona,RCD Espanyol Barcelona,5:00,CF,26,Left-footed shot,Ivan Rakitic
17-18,LaLiga,3,09-09-17,H,FC Barcelona,RCD Espanyol Barcelona,5:00,CF,35,Right-footed shot,Jordi Alba
17-18,LaLiga,3,09-09-17,H,FC Barcelona,RCD Espanyol Barcelona,5:00,CF,67,Left-footed shot,Jordi Alba
17-18,UEFA Champions League,Group Stage,12-09-17,H,FC Barcelona,Juventus FC,3:00,CF,45,Left-footed shot,Luis Suarez
17-18,UEFA Champions League,Group Stage,12-09-17,H,FC Barcelona,Juventus FC,3:00,CF,69,Left-footed shot,
17-18,LaLiga,5,19-09-17,H,FC Barcelona,SD Eibar,6:01,CF,21,Penalty,
17-18,LaLiga,5,19-09-17,H,FC Barcelona,SD Eibar,6:01,CF,59,Left-footed shot,Sergio Busquets
17-18,LaLiga,5,19-09-17,H,FC Barcelona,SD Eibar,6:01,CF,62,Left-footed shot,Paulinho
17-18,LaLiga,5,19-09-17,H,FC Barcelona,SD Eibar,6:01,CF,87,Left-footed shot,Aleix Vidal
17-18,LaLiga,7,01-10-17,H,FC Barcelona,UD Las Palmas,3:00,SS,70,Left-footed shot,Denis Suarez
17-18,LaLiga,7,01-10-17,H,FC Barcelona,UD Las Palmas,3:00,SS,77,Left-footed shot,Luis Suarez
17-18,UEFA Champions League,Group Stage,18-10-17,H,FC Barcelona,Olympiacos Piraeus,3:01,CF,61,Direct free kick,
17-18,LaLiga,10,28-10-17,A,FC Barcelona,Athletic Bilbao,0:02,SS ,37,Left-footed shot,Jordi Alba
17-18,LaLiga,14,02-12-17,H,FC Barcelona,Celta de Vigo,2:02,SS,22,Left-footed shot,Paulinho
17-18,LaLiga,15,10-12-17,A,FC Barcelona,Villarreal CF,0:02,RW ,83,Left-footed shot,Sergio Busquets
17-18,LaLiga,17,23-12-17,A,FC Barcelona,Real Madrid,0:03,SS,64,Penalty,
17-18,LaLiga,18,07-01-18,H,FC Barcelona,Levante UD,3:00,SS,12,Left-footed shot,Jordi Alba
17-18,Copa del Rey,last 16,11-01-18,H,FC Barcelona,Celta de Vigo,5:00,SS,13,Left-footed shot,Jordi Alba
17-18,Copa del Rey,last 16,11-01-18,H,FC Barcelona,Celta de Vigo,5:00,SS,15,Left-footed shot,Jordi Alba
17-18,LaLiga,19,14-01-18,A,FC Barcelona,Real Sociedad,2:04,SS ,85,Direct free kick,
17-18,LaLiga,20,21-01-18,A,FC Barcelona,Real Betis Balompie,0:05,SS ,64,Left-footed shot,Sergio Busquets
17-18,LaLiga,20,21-01-18,A,FC Barcelona,Real Betis Balompie,0:05,SS ,80,Left-footed shot,Luis Suarez
17-18,Copa del Rey,Quarter-Finals,25-01-18,H,FC Barcelona,RCD Espanyol Barcelona,2:00,SS,25,Deflected shot on goal,
17-18,LaLiga,21,28-01-18,H,FC Barcelona,Deportivo Alaves,2:01,SS,84,Direct free kick,
17-18,UEFA Champions League,last 16,20-02-18,A,FC Barcelona,Chelsea FC,1:01,SS,75,Left-footed shot,Andres Iniesta
17-18,LaLiga,25,24-02-18,H,FC Barcelona,Girona FC,6:01,SS ,30,Left-footed shot,Luis Suarez
17-18,LaLiga,25,24-02-18,H,FC Barcelona,Girona FC,6:01,SS ,36,Direct free kick,
17-18,LaLiga,26,01-03-18,A,FC Barcelona,UD Las Palmas,1:01,SS,21,Direct free kick,
17-18,LaLiga,27,04-03-18,H,FC Barcelona,Atletico de Madrid,1:00,SS,26,Direct free kick,
17-18,UEFA Champions League,last 16,14-03-18,H,FC Barcelona,Chelsea FC,3:00,SS,3,Right-footed shot,Luis Suarez
17-18,UEFA Champions League,last 16,14-03-18,H,FC Barcelona,Chelsea FC,3:00,SS,63,Left-footed shot,Luis Suarez
17-18,LaLiga,29,18-03-18,H,FC Barcelona,Athletic Bilbao,2:00,SS ,30,Left-footed shot,Ousmane Dembele
17-18,LaLiga,30,31-03-18,A,FC Barcelona,Sevilla FC,2:02,RW,89,Left-footed shot,Philippe Coutinho
17-18,LaLiga,31,07-04-18,H,FC Barcelona,CD Leganes,3:01,SS ,27,Direct free kick,
17-18,LaLiga,31,07-04-18,H,FC Barcelona,CD Leganes,3:01,SS ,32,Left-footed shot,Philippe Coutinho
17-18,LaLiga,31,07-04-18,H,FC Barcelona,CD Leganes,3:01,SS ,87,Left-footed shot,Ousmane Dembele
17-18,Copa del Rey,Final,21-04-18,A,FC Barcelona,Sevilla FC,0:05,SS,31,Left-footed shot,Jordi Alba
17-18,LaLiga,35,29-04-18,A,FC Barcelona,Deportivo de La Coruaa,2:04,CF ,38,Left-footed shot,Luis Suarez
17-18,LaLiga,35,29-04-18,A,FC Barcelona,Deportivo de La Coruaa,2:04,CF ,82,Right-footed shot,Luis Suarez
17-18,LaLiga,35,29-04-18,A,FC Barcelona,Deportivo de La Coruaa,2:04,CF ,85,Left-footed shot,Luis Suarez
17-18,LaLiga,36,06-05-18,H,FC Barcelona,Real Madrid,2:02,SS,52,Left-footed shot,Luis Suarez
17-18,LaLiga,34,09-05-18,H,FC Barcelona,Villarreal CF,5:01,CF,45,Left-footed shot,Andres Iniesta
18-19,LaLiga,1,18-08-18,H,FC Barcelona,Deportivo Alaves,3:00,RW ,64,Direct free kick,
18-19,LaLiga,1,18-08-18,H,FC Barcelona,Deportivo Alaves,3:00,RW ,90+2,Left-footed shot,Luis Suarez
18-19,LaLiga,3,02-09-18,H,FC Barcelona,SD Huesca,8:02,RW ,16,Right-footed shot,Ivan Rakitic
18-19,LaLiga,3,02-09-18,H,FC Barcelona,SD Huesca,8:02,RW ,61,Left-footed shot,Philippe Coutinho
18-19,UEFA Champions League,Group Stage,18-09-18,H,FC Barcelona,PSV Eindhoven,4:00,RW ,31,Direct free kick,
18-19,UEFA Champions League,Group Stage,18-09-18,H,FC Barcelona,PSV Eindhoven,4:00,RW ,77,Left-footed shot,Ivan Rakitic
18-19,UEFA Champions League,Group Stage,18-09-18,H,FC Barcelona,PSV Eindhoven,4:00,RW ,87,Right-footed shot,Luis Suarez
18-19,LaLiga,5,23-09-18,H,FC Barcelona,Girona FC,2:02,RW ,19,Left-footed shot,Arturo Vidal
18-19,UEFA Champions League,Group Stage,03-10-18,A,FC Barcelona,Tottenham Hotspur,2:04,RW ,56,Left-footed shot,Jordi Alba
18-19,UEFA Champions League,Group Stage,03-10-18,A,FC Barcelona,Tottenham Hotspur,2:04,RW ,90,Left-footed shot,Jordi Alba
18-19,LaLiga,8,07-10-18,A,FC Barcelona,Valencia CF,1:01,RW ,23,Left-footed shot,Luis Suarez
18-19,LaLiga,9,20-10-18,H,FC Barcelona,Sevilla FC,4:02,RW ,12,Left-footed shot,Luis Suarez
18-19,LaLiga,12,11-11-18,H,FC Barcelona,Real Betis Balompie,3:04,SS ,68,Penalty,
18-19,LaLiga,12,11-11-18,H,FC Barcelona,Real Betis Balompie,3:04,SS ,90+4,Left-footed shot,Arturo Vidal
18-19,UEFA Champions League,Group Stage,28-11-18,A,FC Barcelona,PSV Eindhoven,1:02,CF ,61,Left-footed shot,Ousmane Dembele
18-19,LaLiga,15,08-12-18,A,FC Barcelona,RCD Espanyol Barcelona,0:04,RW ,17,Direct free kick,
18-19,LaLiga,15,08-12-18,A,FC Barcelona,RCD Espanyol Barcelona,0:04,RW ,65,Direct free kick,
18-19,LaLiga,16,16-12-18,A,FC Barcelona,Levante UD,0:05,SS ,43,Right-footed shot,Sergio Busquets
18-19,LaLiga,16,16-12-18,A,FC Barcelona,Levante UD,0:05,SS ,47,Left-footed shot,
18-19,LaLiga,16,16-12-18,A,FC Barcelona,Levante UD,0:05,SS ,60,Left-footed shot,Arturo Vidal
18-19,LaLiga,17,22-12-18,H,FC Barcelona,Celta de Vigo,2:00,RW ,45,Left-footed shot,Jordi Alba
18-19,LaLiga,18,06-01-19,A,FC Barcelona,Getafe CF,1:02,RW ,20,Left-footed shot,
18-19,LaLiga,19,13-01-19,H,FC Barcelona,SD Eibar,3:00,RW ,53,Left-footed shot,Luis Suarez
18-19,Copa del Rey,last 16,17-01-19,H,FC Barcelona,Levante UD,3:00,CF ,54,Left-footed shot,Nelson Semedo
18-19,LaLiga,20,20-01-19,H,FC Barcelona,CD Leganes,3:01,SS,90+2,Right-footed shot,Jordi Alba
18-19,LaLiga,21,27-01-19,A,FC Barcelona,Girona FC,0:02,RW ,69,Left-footed shot,Jordi Alba
18-19,Copa del Rey,Quarter-Finals,30-01-19,H,FC Barcelona,Sevilla FC,6:01,RW ,90+2,Left-footed shot,Jordi Alba
18-19,LaLiga,22,02-02-19,H,FC Barcelona,Valencia CF,2:02,RW ,39,Penalty,
18-19,LaLiga,22,02-02-19,H,FC Barcelona,Valencia CF,2:02,RW ,64,Left-footed shot,Arturo Vidal
18-19,LaLiga,24,16-02-19,H,FC Barcelona,Real Valladolid CF,1:00,RW ,43,Penalty,
18-19,LaLiga,25,23-02-19,A,FC Barcelona,Sevilla FC,2:04,RW ,26,Left-footed shot,Ivan Rakitic
18-19,LaLiga,25,23-02-19,A,FC Barcelona,Sevilla FC,2:04,RW ,67,Right-footed shot,Ousmane Dembele
18-19,LaLiga,25,23-02-19,A,FC Barcelona,Sevilla FC,2:04,RW ,85,Left-footed shot,
18-19,LaLiga,27,09-03-19,H,FC Barcelona,Rayo Vallecano,3:01,RW ,51,Penalty,
18-19,UEFA Champions League,last 16,13-03-19,H,FC Barcelona,Olympique Lyon,5:01,RW ,18,Penalty,
18-19,UEFA Champions League,last 16,13-03-19,H,FC Barcelona,Olympique Lyon,5:01,RW ,78,Right-footed shot,Sergio Busquets
18-19,LaLiga,28,17-03-19,A,FC Barcelona,Real Betis Balompie,1:04,SS ,18,Direct free kick,
18-19,LaLiga,28,17-03-19,A,FC Barcelona,Real Betis Balompie,1:04,SS ,45+2,Left-footed shot,Luis Suarez
18-19,LaLiga,28,17-03-19,A,FC Barcelona,Real Betis Balompie,1:04,SS ,85,Left-footed shot,Ivan Rakitic
18-19,LaLiga,29,30-03-19,H,FC Barcelona,RCD Espanyol Barcelona,2:00,RW ,71,Direct free kick,
18-19,LaLiga,29,30-03-19,H,FC Barcelona,RCD Espanyol Barcelona,2:00,RW ,89,Left-footed shot,Malcom
18-19,LaLiga,30,02-04-19,A,FC Barcelona,Villarreal CF,4:04,RW,90,Direct free kick,
18-19,LaLiga,31,06-04-19,H,FC Barcelona,Atletico de Madrid,2:00,SS ,87,Left-footed shot,
18-19,UEFA Champions League,Quarter-Finals,16-04-19,H,FC Barcelona,Manchester United,3:00,RW ,16,Left-footed shot,
18-19,UEFA Champions League,Quarter-Finals,16-04-19,H,FC Barcelona,Manchester United,3:00,RW ,20,Right-footed shot,
18-19,LaLiga,35,27-04-19,H,FC Barcelona,Levante UD,1:00,RW,62,Left-footed shot,Arturo Vidal
18-19,UEFA Champions League,Semi-Finals,01-05-19,H,FC Barcelona,Liverpool FC,3:00,RW ,75,Left-footed shot,Luis Suarez
18-19,UEFA Champions League,Semi-Finals,01-05-19,H,FC Barcelona,Liverpool FC,3:00,RW ,82,Direct free kick,
18-19,LaLiga,38,19-05-19,A,FC Barcelona,SD Eibar,2:02,CF ,31,Left-footed shot,Arturo Vidal
18-19,LaLiga,38,19-05-19,A,FC Barcelona,SD Eibar,2:02,CF ,32,Left-footed shot,Ivan Rakitic
18-19,Copa del Rey,Final,25-05-19,H,FC Barcelona,Valencia CF,1:02,CF ,73,Left-footed shot,Clement Lenglet
19-20,LaLiga,8,06-10-19,H,FC Barcelona,Sevilla FC,4:00,RW ,78,Direct free kick,
19-20,LaLiga,9,19-10-19,A,FC Barcelona,SD Eibar,0:03,RW ,58,Left-footed shot,Antoine Griezmann
19-20,UEFA Champions League,Group Stage,23-10-19,A,FC Barcelona,SK Slavia Prague,1:02,RW ,3,Left-footed shot,Arthur
19-20,LaLiga,11,29-10-19,H,FC Barcelona,Real Valladolid CF,5:01,RW ,34,Direct free kick,
19-20,LaLiga,11,29-10-19,H,FC Barcelona,Real Valladolid CF,5:01,RW ,75,Left-footed shot,Ivan Rakitic
19-20,LaLiga,12,02-11-19,A,FC Barcelona,Levante UD,3:01,RW ,38,Penalty,
19-20,LaLiga,13,09-11-19,H,FC Barcelona,Celta de Vigo,4:01,RW ,23,Penalty,
19-20,LaLiga,13,09-11-19,H,FC Barcelona,Celta de Vigo,4:01,RW ,45+1,Direct free kick,
19-20,LaLiga,13,09-11-19,H,FC Barcelona,Celta de Vigo,4:01,RW ,48,Direct free kick,
19-20,UEFA Champions League,Group Stage,27-11-19,H,FC Barcelona,Borussia Dortmund,3:01,RW ,33,Left-footed shot,Luis Suarez
19-20,LaLiga,15,01-12-19,A,FC Barcelona,Atletico de Madrid,0:01,RW ,86,Left-footed shot,Luis Suarez
19-20,LaLiga,16,07-12-19,H,FC Barcelona,RCD Mallorca,5:02,RW ,17,Left-footed shot,Antoine Griezmann
19-20,LaLiga,16,07-12-19,H,FC Barcelona,RCD Mallorca,5:02,RW ,41,Left-footed shot,Ivan Rakitic
19-20,LaLiga,16,07-12-19,H,FC Barcelona,RCD Mallorca,5:02,RW ,83,Left-footed shot,Luis Suarez
19-20,LaLiga,18,21-12-19,H,FC Barcelona,Deportivo Alaves,4:01,RW ,69,Left-footed shot,Luis Suarez
19-20,Supercopa,Semi-Finals,09-01-20,H,FC Barcelona,Atletico de Madrid,2:03,RW ,51,Right-footed shot,Luis Suarez
19-20,LaLiga,20,19-01-20,H,FC Barcelona,Granada CF,1:00,CF ,76,Right-footed shot,Arturo Vidal
19-20,Copa del Rey,Round of 16,30-01-20,H,FC Barcelona,CD Leganes,5:00,RW ,59,Left-footed shot,Frenkie de Jong
19-20,Copa del Rey,Round of 16,30-01-20,H,FC Barcelona,CD Leganes,5:00,RW ,89,Left-footed shot,Ivan Rakitic
19-20,LaLiga,25,22-02-20,H,FC Barcelona,SD Eibar,5:00,SS ,14,Left-footed shot,Ivan Rakitic
19-20,LaLiga,25,22-02-20,H,FC Barcelona,SD Eibar,5:00,SS ,37,Left-footed shot,Arturo Vidal
19-20,LaLiga,25,22-02-20,H,FC Barcelona,SD Eibar,5:00,SS ,40,Left-footed shot,
19-20,LaLiga,25,22-02-20,H,FC Barcelona,SD Eibar,5:00,SS ,87,Left-footed shot,
19-20,LaLiga,27,07-03-20,H,FC Barcelona,Real Sociedad,1:00,CF ,81,Penalty,
19-20,LaLiga,28,13-06-20,A,FC Barcelona,RCD Mallorca,0:04,RW ,90+3,Right-footed shot,Luis Suarez
19-20,LaLiga,29,16-06-20,H,FC Barcelona,CD Leganes,2:00,RW ,69,Penalty,
19-20,LaLiga,33,30-06-20,H,FC Barcelona,Atletico de Madrid,2:02,SS ,50,Penalty,
19-20,LaLiga,37,16-07-20,H,FC Barcelona,CA Osasuna,1:02,RW ,62,Direct free kick,
19-20,LaLiga,38,19-07-20,A,FC Barcelona,Deportivo Alaves,0:05,RW ,34,Left-footed shot,Riqui Puig
19-20,LaLiga,38,19-07-20,A,FC Barcelona,Deportivo Alaves,0:05,RW ,75,Left-footed shot,Jordi Alba
19-20,UEFA Champions League,last 16,08-08-20,H,FC Barcelona,SSC Napoli,3:01,SS ,23,Left-footed shot,
20-21,LaLiga,3,27-09-20,H,FC Barcelona,Villarreal CF,4:00,CF ,35,Penalty,
20-21,UEFA Champions League,Group Stage,20-10-20,H,FC Barcelona,Ferencvarosi TC,5:01,CF ,27,Penalty,
20-21,UEFA Champions League,Group Stage,28-10-20,A,FC Barcelona,Juventus FC,0:02,CF ,90+1,Penalty,
20-21,UEFA Champions League,Group Stage,04-11-20,H,FC Barcelona,Dynamo Kyiv,2:01,RW ,5,Penalty,
20-21,LaLiga,9,07-11-20,H,FC Barcelona,Real Betis Balompie,5:02,CF,61,Penalty,
20-21,LaLiga,9,07-11-20,H,FC Barcelona,Real Betis Balompie,5:02,CF,82,Left-footed shot,Sergi Roberto
20-21,LaLiga,11,29-11-20,H,FC Barcelona,CA Osasuna,4:00,RW ,73,Left-footed shot,Francisco Trincão
20-21,LaLiga,13,13-12-20,H,FC Barcelona,Levante UD,1:00,CF ,76,Left-footed shot,Frenkie de Jong
20-21,LaLiga,14,19-12-20,H,FC Barcelona,Valencia CF,2:02,CF ,45+4,Header,
20-21,LaLiga,15,22-12-20,A,FC Barcelona,Real Valladolid CF,0:03,AM ,65,Left-footed shot,Pedri
20-21,LaLiga,2,06-01-21,A,FC Barcelona,Athletic Bilbao,2:03,CF ,38,Left-footed shot,Pedri
20-21,LaLiga,2,06-01-21,A,FC Barcelona,Athletic Bilbao,2:03,CF ,62,Left-footed shot,Antoine Griezmann
20-21,LaLiga,18,09-01-21,A,FC Barcelona,Granada CF,0:04,CF ,35,Left-footed shot,Antoine Griezmann
20-21,LaLiga,18,09-01-21,A,FC Barcelona,Granada CF,0:04,CF ,42,Direct free kick,
20-21,Copa del Rey,Round of 16,27-01-21,A,FC Barcelona,Rayo Vallecano,1:02,CF ,69,Left-footed shot,Antoine Griezmann
20-21,LaLiga,21,31-01-21,H,FC Barcelona,Athletic Bilbao,2:01,CF ,20,Direct free kick,
20-21,LaLiga,22,07-02-21,A,FC Barcelona,Real Betis Balompie,2:03,CF,59,Left-footed shot,Ousmane Dembele
20-21,LaLiga,23,13-02-21,H,FC Barcelona,Deportivo Alaves,5:01,CF ,45+1,Left-footed shot,Sergio Busquets
20-21,LaLiga,23,13-02-21,H,FC Barcelona,Deportivo Alaves,5:01,CF ,75,Left-footed shot,Antoine Griezmann
20-21,UEFA Champions League,last 16,16-02-21,H,FC Barcelona,Paris Saint-Germain,1:04,CF ,27,Penalty,
20-21,LaLiga,24,21-02-21,H,FC Barcelona,Cadiz CF,1:01,CF ,32,Penalty,
20-21,LaLiga,1,24-02-21,H,FC Barcelona,Elche CF,3:00,CF ,48,Left-footed shot,Martin Braithwaite
20-21,LaLiga,1,24-02-21,H,FC Barcelona,Elche CF,3:00,CF ,68,Left-footed shot,Frenkie de Jong
20-21,LaLiga,25,27-02-21,A,FC Barcelona,Sevilla FC,0:02,CF ,85,Right-footed shot,Ilaix Moriba
20-21,UEFA Champions League,last 16,10-03-21,A,FC Barcelona,Paris Saint-Germain,1:01,SS ,37,Long distance kick,Pedri
20-21,LaLiga,27,15-03-21,H,FC Barcelona,SD Huesca,4:01,SS ,13,Left-footed shot,Sergio Busquets
20-21,LaLiga,27,15-03-21,H,FC Barcelona,SD Huesca,4:01,SS ,90,Left-footed shot,Francisco Trincão
20-21,LaLiga,28,21-03-21,A,FC Barcelona,Real Sociedad,1:06,SS ,56,Left-footed shot,Sergio Busquets
20-21,LaLiga,28,21-03-21,A,FC Barcelona,Real Sociedad,1:06,SS ,89,Left-footed shot,Jordi Alba
20-21,Copa del Rey,Final,17-04-21,A,FC Barcelona,Athletic Bilbao,0:04,CF ,68,Left-footed shot,Frenkie de Jong
20-21,Copa del Rey,Final,17-04-21,A,FC Barcelona,Athletic Bilbao,0:04,CF ,72,Left-footed shot,Jordi Alba
20-21,LaLiga,31,22-04-21,H,FC Barcelona,Getafe CF,5:02,CF ,8,Left-footed shot,Sergio Busquets
20-21,LaLiga,31,22-04-21,H,FC Barcelona,Getafe CF,5:02,CF ,33,Left-footed shot,
20-21,LaLiga,33,29-04-21,H,FC Barcelona,Granada CF,1:02,CF ,23,Left-footed shot,Antoine Griezmann
20-21,LaLiga,34,02-05-21,A,FC Barcelona,Valencia CF,2:03,CF ,57,Left-footed shot,
20-21,LaLiga,34,02-05-21,A,FC Barcelona,Valencia CF,2:03,CF ,69,Direct free kick,
20-21,LaLiga,36,11-05-21,A,FC Barcelona,Levante UD,3:03,SS ,25,Left-footed shot,
20-21,LaLiga,37,16-05-21,H,FC Barcelona,Celta de Vigo,1:02,SS ,28,Header,Sergio Busquets
21-22,UEFA Champions League,Group Stage,28-09-21,H,Paris Saint-Germain,Manchester City,2:00,RW,74,Left-footed shot,Kylian Mbappe
21-22,UEFA Champions League,Group Stage,19-10-21,H,Paris Saint-Germain,RB Leipzig,3:02,RW,67,Left-footed shot,Kylian Mbappe
21-22,UEFA Champions League,Group Stage,19-10-21,H,Paris Saint-Germain,RB Leipzig,3:02,RW,74,Penalty,
21-22,Ligue 1,14,20-11-21,H,Paris Saint-Germain,FC Nantes,3:01,RW,87,Left-footed shot,Kylian Mbappe
21-22,UEFA Champions League,Group Stage,07-12-21,H,Paris Saint-Germain,Club Brugge KV,4:01,CF,38,Left-footed shot,Kylian Mbappe
21-22,UEFA Champions League,Group Stage,07-12-21,H,Paris Saint-Germain,Club Brugge KV,4:01,CF,76,Penalty,
21-22,Ligue 1,23,06-02-22,A,Paris Saint-Germain,LOSC Lille,1:05,CF,38,Left-footed shot,
21-22,Ligue 1,30,03-04-22,H,Paris Saint-Germain,FC Lorient,5:01,RW,73,Left-footed shot,Kylian Mbappe
21-22,Ligue 1,34,23-04-22,H,Paris Saint-Germain,RC Lens,1:01,RW,68,Left-footed shot,Neymar
21-22,Ligue 1,37,14-05-22,A,Paris Saint-Germain,Montpellier,0:04,CF,6,Left-footed shot,Kylian Mbapp
21-22,Ligue 1,37,14-05-22,A,Paris Saint-Germain,Montpellier,0:04,CF,20,Left-footed shot,Kylian Mbapp
21-22,Trophe des Champions,Final,31-07-22,H,Paris Saint-Germain,FC Nantes,4:00,CF,22,Right-footed shot,
21-22,Ligue 1,1,06-08-22,A,Paris Saint-Germain,Clermont Foot,0:05,CF,80,Left-footed shot,Neymar
21-22,Ligue 1,1,06-08-22,A,Paris Saint-Germain,Clermont Foot,0:05,CF,86,Left-footed shot,Leandro Paredes
22-23,Troph?e des Champions,Final,31-07-22,H,Paris Saint-Germain,FC Nantes,4:00,CF,22,Right-footed shot,
22-23,Ligue 1,1,06-08-22,A,Paris Saint-Germain,Clermont Foot,0:05,CF,80,Left-footed shot,Neymar
22-23,Ligue 1,1,06-08-22,A,Paris Saint-Germain,Clermont Foot,0:05,CF,86,Left-footed shot,Leandro Paredes
22-23,Ligue 1,3,21-08-22,A,Paris Saint-Germain,LOSC Lille,1:07,AM,27,Right-footed shot,Nuno Mendes
22-23,Champions League,Group Stage,14-09-22,A,Paris Saint-Germain,Maccabi Haifa,1:03,SS,37,Left-footed shot,
22-23,Ligue 1,8,18-09-22,A,Paris Saint-Germain,Olympique Lyon,0:01,AM,5,Left-footed shot,Neymar
22-23,Ligue 1,9,01-10-22,H,Paris Saint-Germain,OGC Nice,2:1,AM,28,Direct free kick,
22-23,UEFA Champions League,Group Stage,05-10-22,A,Paris Saint-Germain,SL Benfica,1:1,AM,22,Left-footed shot,Neymar
22-23,Ligue 1,12,21-10-22,A,Paris Saint-Germain,AC Ajaccio,0:3,CF,78,Left-footed shot,Kylian Mbappe
22-23,UEFA Champions League,Group Stage,25-10-22,H,Paris Saint-Germain,Maccabi Haifa,7:2,SS,19,Left-footed shot,Kylian Mbappe
22-23,UEFA Champions League,Group Stage,25-10-22,H,Paris Saint-Germain,Maccabi Haifa,7:2,SS,44,Left-footed shot,Kylian Mbappe
22-23,Ligue 1,13,29-10-22,H,Paris Saint-Germain,ESTAC Troyes,4:3,RW,55,Left-footed shot,Sergio Ramos
22-23,Ligue 1,18,11-01-23,H,Paris Saint-Germain,Angers SCO,2:0,AM,72,Right-footed shot,Nordi Mukiele
22-23,Ligue 1,21,01-02-23,A,Paris Saint-Germain,Montpellier HSC,1:3,SS,72,Left-footed shot,Fabin Ruiz
22-23,Ligue 1,22,04-02-23,H,Paris Saint-Germain,FC Toulouse,2:1,SS,58,Left-footed shot,Achraf Hakimi
22-23,Ligue 1,24,19-02-23,H,Paris Saint-Germain,LOSC Lille,4:3,CF,90+5,Direct free kick,"	"
22-23,Ligue 1,25,26-02-23,A,Paris Saint-Germain,Olympique Marseille,0:3,CF,29,Right-footed shot,Kylian Mbapp
22-23,Ligue 1,26,04-03-23,H,Paris Saint-Germain,FC Nantes,4:2,CF,12,Left-footed shot,
